desc, race, gender, face, hair style, icon
, #, #, #, #, #
BRITON MALE,0,0,0,0,471
BRITON MALE,0,0,0,1,473
BRITON MALE,0,0,0,2,472
BRITON MALE,0,0,0,3,14
BRITON MALE,0,0,0,4,257
BRITON MALE,0,0,0,5,474
BRITON MALE,0,0,0,6,474
BRITON MALE,0,0,0,7,473
BRITON MALE,0,0,1,0,471
BRITON MALE,0,0,1,1,473
BRITON MALE,0,0,1,2,472
BRITON MALE,0,0,1,3,14
BRITON MALE,0,0,1,4,257
BRITON MALE,0,0,1,5,474
BRITON MALE,0,0,1,6,474
BRITON MALE,0,0,1,7,473
BRITON MALE,0,0,2,0,471
BRITON MALE,0,0,2,1,473
BRITON MALE,0,0,2,2,472
BRITON MALE,0,0,2,3,14
BRITON MALE,0,0,2,4,257
BRITON MALE,0,0,2,5,254
BRITON MALE,0,0,2,6,474
BRITON MALE,0,0,2,7,473
BRITON MALE,0,0,3,0,471
BRITON MALE,0,0,3,1,473
BRITON MALE,0,0,3,2,472
BRITON MALE,0,0,3,3,14
BRITON MALE,0,0,3,4,255
BRITON MALE,0,0,3,5,254
BRITON MALE,0,0,3,6,474
BRITON MALE,0,0,3,7,473
BRITON MALE,0,0,4,0,471
BRITON MALE,0,0,4,1,473
BRITON MALE,0,0,4,2,472
BRITON MALE,0,0,4,3,14
BRITON MALE,0,0,4,4,255
BRITON MALE,0,0,4,5,256
BRITON MALE,0,0,4,6,474
BRITON MALE,0,0,4,7,473
BRITON MALE,0,0,5,0,471
BRITON MALE,0,0,5,1,473
BRITON MALE,0,0,5,2,472
BRITON MALE,0,0,5,3,14
BRITON MALE,0,0,5,4,255
BRITON MALE,0,0,5,5,256
BRITON MALE,0,0,5,6,474
BRITON MALE,0,0,5,7,473
BRITON MALE,0,0,6,0,471
BRITON MALE,0,0,6,1,473
BRITON MALE,0,0,6,2,472
BRITON MALE,0,0,6,3,14
BRITON MALE,0,0,6,4,255
BRITON MALE,0,0,6,5,256
BRITON MALE,0,0,6,6,474
BRITON MALE,0,0,6,7,473
BRITON FEMALE,0,1,0,0,258
BRITON FEMALE,0,1,0,1,35
BRITON FEMALE,0,1,0,2,259
BRITON FEMALE,0,1,0,3,36
BRITON FEMALE,0,1,0,4,38
BRITON FEMALE,0,1,0,5,258
BRITON FEMALE,0,1,1,0,258
BRITON FEMALE,0,1,1,1,35
BRITON FEMALE,0,1,1,2,259
BRITON FEMALE,0,1,1,3,36
BRITON FEMALE,0,1,1,4,38
BRITON FEMALE,0,1,1,5,258
BRITON FEMALE,0,1,2,0,258
BRITON FEMALE,0,1,2,1,35
BRITON FEMALE,0,1,2,2,259
BRITON FEMALE,0,1,2,3,36
BRITON FEMALE,0,1,2,4,38
BRITON FEMALE,0,1,2,5,258
BRITON FEMALE,0,1,3,0,258
BRITON FEMALE,0,1,3,1,35
BRITON FEMALE,0,1,3,2,259
BRITON FEMALE,0,1,3,3,36
BRITON FEMALE,0,1,3,4,38
BRITON FEMALE,0,1,3,5,258
BRITON FEMALE,0,1,4,0,258
BRITON FEMALE,0,1,4,1,35
BRITON FEMALE,0,1,4,2,259
BRITON FEMALE,0,1,4,3,36
BRITON FEMALE,0,1,4,4,38
BRITON FEMALE,0,1,4,5,258
BRITON FEMALE,0,1,5,0,258
BRITON FEMALE,0,1,5,1,35
BRITON FEMALE,0,1,5,2,259
BRITON FEMALE,0,1,5,3,36
BRITON FEMALE,0,1,5,4,38
BRITON FEMALE,0,1,5,5,258
BRITON FEMALE,0,1,6,0,258
BRITON FEMALE,0,1,6,1,35
BRITON FEMALE,0,1,6,2,259
BRITON FEMALE,0,1,6,3,36
BRITON FEMALE,0,1,6,4,38
BRITON FEMALE,0,1,6,5,258
AVALONIAN MALE,1,0,0,0,64
AVALONIAN MALE,1,0,0,1,278
AVALONIAN MALE,1,0,0,2,281
AVALONIAN MALE,1,0,0,3,495
AVALONIAN MALE,1,0,0,4,62
AVALONIAN MALE,1,0,0,5,281
AVALONIAN MALE,1,0,0,6,495
AVALONIAN MALE,1,0,0,7,498
AVALONIAN MALE,1,0,1,0,64
AVALONIAN MALE,1,0,1,1,278
AVALONIAN MALE,1,0,1,2,281
AVALONIAN MALE,1,0,1,3,495
AVALONIAN MALE,1,0,1,4,61
AVALONIAN MALE,1,0,1,5,281
AVALONIAN MALE,1,0,1,6,495
AVALONIAN MALE,1,0,1,7,498
AVALONIAN MALE,1,0,2,0,64
AVALONIAN MALE,1,0,2,1,278
AVALONIAN MALE,1,0,2,2,281
AVALONIAN MALE,1,0,2,3,495
AVALONIAN MALE,1,0,2,4,63
AVALONIAN MALE,1,0,2,5,281
AVALONIAN MALE,1,0,2,6,495
AVALONIAN MALE,1,0,2,7,498
AVALONIAN MALE,1,0,3,0,64
AVALONIAN MALE,1,0,3,1,278
AVALONIAN MALE,1,0,3,2,281
AVALONIAN MALE,1,0,3,3,495
AVALONIAN MALE,1,0,3,4,62
AVALONIAN MALE,1,0,3,5,281
AVALONIAN MALE,1,0,3,6,495
AVALONIAN MALE,1,0,3,7,498
AVALONIAN MALE,1,0,4,0,64
AVALONIAN MALE,1,0,4,1,278
AVALONIAN MALE,1,0,4,2,281
AVALONIAN MALE,1,0,4,3,495
AVALONIAN MALE,1,0,4,4,61
AVALONIAN MALE,1,0,4,5,281
AVALONIAN MALE,1,0,4,6,495
AVALONIAN MALE,1,0,4,7,498
AVALONIAN MALE,1,0,5,0,64
AVALONIAN MALE,1,0,5,1,278
AVALONIAN MALE,1,0,5,2,281
AVALONIAN MALE,1,0,5,3,495
AVALONIAN MALE,1,0,5,4,62
AVALONIAN MALE,1,0,5,5,281
AVALONIAN MALE,1,0,5,6,495
AVALONIAN MALE,1,0,5,7,498
AVALONIAN MALE,1,0,6,0,64
AVALONIAN MALE,1,0,6,1,278
AVALONIAN MALE,1,0,6,2,281
AVALONIAN MALE,1,0,6,3,495
AVALONIAN MALE,1,0,6,4,62
AVALONIAN MALE,1,0,6,5,281
AVALONIAN MALE,1,0,6,6,495
AVALONIAN MALE,1,0,6,7,498
AVALONIAN FEMALE,1,1,0,0,282
AVALONIAN FEMALE,1,1,0,1,283
AVALONIAN FEMALE,1,1,0,2,65
AVALONIAN FEMALE,1,1,0,3,66
AVALONIAN FEMALE,1,1,0,4,68
AVALONIAN FEMALE,1,1,0,5,502
AVALONIAN FEMALE,1,1,1,0,282
AVALONIAN FEMALE,1,1,1,1,283
AVALONIAN FEMALE,1,1,1,2,65
AVALONIAN FEMALE,1,1,1,3,66
AVALONIAN FEMALE,1,1,1,4,68
AVALONIAN FEMALE,1,1,1,5,502
AVALONIAN FEMALE,1,1,2,0,282
AVALONIAN FEMALE,1,1,2,1,283
AVALONIAN FEMALE,1,1,2,2,65
AVALONIAN FEMALE,1,1,2,3,66
AVALONIAN FEMALE,1,1,2,4,68
AVALONIAN FEMALE,1,1,2,5,502
AVALONIAN FEMALE,1,1,3,0,282
AVALONIAN FEMALE,1,1,3,1,283
AVALONIAN FEMALE,1,1,3,2,65
AVALONIAN FEMALE,1,1,3,3,66
AVALONIAN FEMALE,1,1,3,4,68
AVALONIAN FEMALE,1,1,3,5,502
AVALONIAN FEMALE,1,1,4,0,282
AVALONIAN FEMALE,1,1,4,1,283
AVALONIAN FEMALE,1,1,4,2,65
AVALONIAN FEMALE,1,1,4,3,66
AVALONIAN FEMALE,1,1,4,4,68
AVALONIAN FEMALE,1,1,4,5,502
AVALONIAN FEMALE,1,1,5,0,282
AVALONIAN FEMALE,1,1,5,1,283
AVALONIAN FEMALE,1,1,5,2,65
AVALONIAN FEMALE,1,1,5,3,66
AVALONIAN FEMALE,1,1,5,4,68
AVALONIAN FEMALE,1,1,5,5,502
AVALONIAN FEMALE,1,1,6,0,282
AVALONIAN FEMALE,1,1,6,1,283
AVALONIAN FEMALE,1,1,6,2,65
AVALONIAN FEMALE,1,1,6,3,66
AVALONIAN FEMALE,1,1,6,4,68
AVALONIAN FEMALE,1,1,6,5,502
HIGHLANDER MALE,2,0,0,0,265
HIGHLANDER MALE,2,0,0,1,263
HIGHLANDER MALE,2,0,0,2,264
HIGHLANDER MALE,2,0,0,3,488
HIGHLANDER MALE,2,0,0,4,488
HIGHLANDER MALE,2,0,0,5,488
HIGHLANDER MALE,2,0,0,6,488
HIGHLANDER MALE,2,0,0,7,488
HIGHLANDER MALE,2,0,1,0,265
HIGHLANDER MALE,2,0,1,1,263
HIGHLANDER MALE,2,0,1,2,264
HIGHLANDER MALE,2,0,1,3,488
HIGHLANDER MALE,2,0,1,4,488
HIGHLANDER MALE,2,0,1,5,488
HIGHLANDER MALE,2,0,1,6,488
HIGHLANDER MALE,2,0,1,7,488
HIGHLANDER MALE,2,0,2,0,265
HIGHLANDER MALE,2,0,2,1,263
HIGHLANDER MALE,2,0,2,2,264
HIGHLANDER MALE,2,0,2,3,488
HIGHLANDER MALE,2,0,2,4,488
HIGHLANDER MALE,2,0,2,5,488
HIGHLANDER MALE,2,0,2,6,488
HIGHLANDER MALE,2,0,2,7,488
HIGHLANDER MALE,2,0,3,0,265
HIGHLANDER MALE,2,0,3,1,263
HIGHLANDER MALE,2,0,3,2,264
HIGHLANDER MALE,2,0,3,3,488
HIGHLANDER MALE,2,0,3,4,488
HIGHLANDER MALE,2,0,3,5,488
HIGHLANDER MALE,2,0,3,6,488
HIGHLANDER MALE,2,0,3,7,488
HIGHLANDER MALE,2,0,4,0,265
HIGHLANDER MALE,2,0,4,1,263
HIGHLANDER MALE,2,0,4,2,264
HIGHLANDER MALE,2,0,4,3,488
HIGHLANDER MALE,2,0,4,4,488
HIGHLANDER MALE,2,0,4,5,488
HIGHLANDER MALE,2,0,4,6,488
HIGHLANDER MALE,2,0,4,7,488
HIGHLANDER MALE,2,0,5,0,265
HIGHLANDER MALE,2,0,5,1,263
HIGHLANDER MALE,2,0,5,2,264
HIGHLANDER MALE,2,0,5,3,488
HIGHLANDER MALE,2,0,5,4,488
HIGHLANDER MALE,2,0,5,5,488
HIGHLANDER MALE,2,0,5,6,488
HIGHLANDER MALE,2,0,5,7,488
HIGHLANDER MALE,2,0,6,0,487
HIGHLANDER MALE,2,0,6,1,487
HIGHLANDER MALE,2,0,6,2,489
HIGHLANDER MALE,2,0,6,3,489
HIGHLANDER MALE,2,0,6,4,488
HIGHLANDER MALE,2,0,6,5,488
HIGHLANDER MALE,2,0,6,6,488
HIGHLANDER MALE,2,0,6,7,488
HIGHLANDER FEMALE,2,1,0,0,43
HIGHLANDER FEMALE,2,1,0,1,266
HIGHLANDER FEMALE,2,1,0,2,267
HIGHLANDER FEMALE,2,1,0,3,269
HIGHLANDER FEMALE,2,1,1,0,43
HIGHLANDER FEMALE,2,1,1,1,266
HIGHLANDER FEMALE,2,1,1,2,267
HIGHLANDER FEMALE,2,1,1,3,269
HIGHLANDER FEMALE,2,1,2,0,43
HIGHLANDER FEMALE,2,1,2,1,266
HIGHLANDER FEMALE,2,1,2,2,267
HIGHLANDER FEMALE,2,1,2,3,269
HIGHLANDER FEMALE,2,1,3,0,43
HIGHLANDER FEMALE,2,1,3,1,266
HIGHLANDER FEMALE,2,1,3,2,267
HIGHLANDER FEMALE,2,1,3,3,269
HIGHLANDER FEMALE,2,1,4,0,43
HIGHLANDER FEMALE,2,1,4,1,266
HIGHLANDER FEMALE,2,1,4,2,267
HIGHLANDER FEMALE,2,1,4,3,269
HIGHLANDER FEMALE,2,1,5,0,43
HIGHLANDER FEMALE,2,1,5,1,266
HIGHLANDER FEMALE,2,1,5,2,267
HIGHLANDER FEMALE,2,1,5,3,269
HIGHLANDER FEMALE,2,1,6,0,43
HIGHLANDER FEMALE,2,1,6,1,266
HIGHLANDER FEMALE,2,1,6,2,267
HIGHLANDER FEMALE,2,1,6,3,269
SARACEN MALE,3,0,0,0,48
SARACEN MALE,3,0,0,1,479
SARACEN MALE,3,0,0,2,270
SARACEN MALE,3,0,0,3,51
SARACEN MALE,3,0,0,4,48
SARACEN MALE,3,0,0,5,270
SARACEN MALE,3,0,0,6,481
SARACEN MALE,3,0,0,7,51
SARACEN MALE,3,0,1,0,48
SARACEN MALE,3,0,1,1,479
SARACEN MALE,3,0,1,2,270
SARACEN MALE,3,0,1,3,51
SARACEN MALE,3,0,1,4,48
SARACEN MALE,3,0,1,5,270
SARACEN MALE,3,0,1,6,481
SARACEN MALE,3,0,1,7,51
SARACEN MALE,3,0,2,0,48
SARACEN MALE,3,0,2,1,479
SARACEN MALE,3,0,2,2,270
SARACEN MALE,3,0,2,3,51
SARACEN MALE,3,0,2,4,50
SARACEN MALE,3,0,2,5,270
SARACEN MALE,3,0,2,6,481
SARACEN MALE,3,0,2,7,51
SARACEN MALE,3,0,3,0,48
SARACEN MALE,3,0,3,1,479
SARACEN MALE,3,0,3,2,270
SARACEN MALE,3,0,3,3,51
SARACEN MALE,3,0,3,4,49
SARACEN MALE,3,0,3,5,270
SARACEN MALE,3,0,3,6,481
SARACEN MALE,3,0,3,7,51
SARACEN MALE,3,0,4,0,48
SARACEN MALE,3,0,4,1,479
SARACEN MALE,3,0,4,2,270
SARACEN MALE,3,0,4,3,51
SARACEN MALE,3,0,4,4,50
SARACEN MALE,3,0,4,5,270
SARACEN MALE,3,0,4,6,481
SARACEN MALE,3,0,4,7,51
SARACEN MALE,3,0,5,0,48
SARACEN MALE,3,0,5,1,479
SARACEN MALE,3,0,5,2,270
SARACEN MALE,3,0,5,3,51
SARACEN MALE,3,0,5,4,49
SARACEN MALE,3,0,5,5,270
SARACEN MALE,3,0,5,6,481
SARACEN MALE,3,0,5,7,51
SARACEN MALE,3,0,6,0,48
SARACEN MALE,3,0,6,1,479
SARACEN MALE,3,0,6,2,270
SARACEN MALE,3,0,6,3,51
SARACEN MALE,3,0,6,4,49
SARACEN MALE,3,0,6,5,270
SARACEN MALE,3,0,6,6,481
SARACEN MALE,3,0,6,7,51
SARACEN FEMALE,3,1,0,0,52
SARACEN FEMALE,3,1,0,1,54
SARACEN FEMALE,3,1,0,2,483
SARACEN FEMALE,3,1,0,3,485
SARACEN FEMALE,3,1,1,0,52
SARACEN FEMALE,3,1,1,1,54
SARACEN FEMALE,3,1,1,2,483
SARACEN FEMALE,3,1,1,3,485
SARACEN FEMALE,3,1,2,0,52
SARACEN FEMALE,3,1,2,1,54
SARACEN FEMALE,3,1,2,2,483
SARACEN FEMALE,3,1,2,3,485
SARACEN FEMALE,3,1,3,0,52
SARACEN FEMALE,3,1,3,1,54
SARACEN FEMALE,3,1,3,2,483
SARACEN FEMALE,3,1,3,3,485
SARACEN FEMALE,3,1,4,0,52
SARACEN FEMALE,3,1,4,1,54
SARACEN FEMALE,3,1,4,2,483
SARACEN FEMALE,3,1,4,3,485
SARACEN FEMALE,3,1,5,0,52
SARACEN FEMALE,3,1,5,1,54
SARACEN FEMALE,3,1,5,2,483
SARACEN FEMALE,3,1,5,3,485
SARACEN FEMALE,3,1,6,0,52
SARACEN FEMALE,3,1,6,1,54
SARACEN FEMALE,3,1,6,2,483
SARACEN FEMALE,3,1,6,3,485
NORSEMAN MALE,4,0,0,0,153
NORSEMAN MALE,4,0,0,1,505
NORSEMAN MALE,4,0,0,2,156
NORSEMAN MALE,4,0,0,3,160
NORSEMAN MALE,4,0,1,0,153
NORSEMAN MALE,4,0,1,1,505
NORSEMAN MALE,4,0,1,2,156
NORSEMAN MALE,4,0,1,3,160
NORSEMAN MALE,4,0,2,0,153
NORSEMAN MALE,4,0,2,1,505
NORSEMAN MALE,4,0,2,2,156
NORSEMAN MALE,4,0,2,3,160
NORSEMAN MALE,4,0,3,0,153
NORSEMAN MALE,4,0,3,1,505
NORSEMAN MALE,4,0,3,2,156
NORSEMAN MALE,4,0,3,3,160
NORSEMAN MALE,4,0,4,0,153
NORSEMAN MALE,4,0,4,1,505
NORSEMAN MALE,4,0,4,2,156
NORSEMAN MALE,4,0,4,3,160
NORSEMAN MALE,4,0,5,0,153
NORSEMAN MALE,4,0,5,1,505
NORSEMAN MALE,4,0,5,2,156
NORSEMAN MALE,4,0,5,3,160
NORSEMAN MALE,4,0,6,0,504
NORSEMAN MALE,4,0,6,1,506
NORSEMAN MALE,4,0,6,2,504
NORSEMAN MALE,4,0,6,3,506
NORSEMAN FEMALE,4,1,0,0,161
NORSEMAN FEMALE,4,1,0,1,165
NORSEMAN FEMALE,4,1,0,2,162
NORSEMAN FEMALE,4,1,0,3,166
NORSEMAN FEMALE,4,1,1,0,161
NORSEMAN FEMALE,4,1,1,1,165
NORSEMAN FEMALE,4,1,1,2,162
NORSEMAN FEMALE,4,1,1,3,166
NORSEMAN FEMALE,4,1,2,0,161
NORSEMAN FEMALE,4,1,2,1,165
NORSEMAN FEMALE,4,1,2,2,162
NORSEMAN FEMALE,4,1,2,3,166
NORSEMAN FEMALE,4,1,3,0,161
NORSEMAN FEMALE,4,1,3,1,165
NORSEMAN FEMALE,4,1,3,2,162
NORSEMAN FEMALE,4,1,3,3,166
NORSEMAN FEMALE,4,1,4,0,161
NORSEMAN FEMALE,4,1,4,1,165
NORSEMAN FEMALE,4,1,4,2,162
NORSEMAN FEMALE,4,1,4,3,166
NORSEMAN FEMALE,4,1,5,0,161
NORSEMAN FEMALE,4,1,5,1,165
NORSEMAN FEMALE,4,1,5,2,162
NORSEMAN FEMALE,4,1,5,3,166
NORSEMAN FEMALE,4,1,6,0,161
NORSEMAN FEMALE,4,1,6,1,165
NORSEMAN FEMALE,4,1,6,2,162
NORSEMAN FEMALE,4,1,6,3,166
TROLL MALE,5,0,0,0,140
TROLL MALE,5,0,0,1,511
TROLL MALE,5,0,0,2,141
TROLL MALE,5,0,0,3,143
TROLL MALE,5,0,1,0,140
TROLL MALE,5,0,1,1,511
TROLL MALE,5,0,1,2,141
TROLL MALE,5,0,1,3,143
TROLL MALE,5,0,2,0,140
TROLL MALE,5,0,2,1,511
TROLL MALE,5,0,2,2,141
TROLL MALE,5,0,2,3,143
TROLL MALE,5,0,3,0,140
TROLL MALE,5,0,3,1,511
TROLL MALE,5,0,3,2,141
TROLL MALE,5,0,3,3,143
TROLL MALE,5,0,4,0,140
TROLL MALE,5,0,4,1,511
TROLL MALE,5,0,4,2,141
TROLL MALE,5,0,4,3,143
TROLL MALE,5,0,5,0,140
TROLL MALE,5,0,5,1,511
TROLL MALE,5,0,5,2,141
TROLL MALE,5,0,5,3,143
TROLL MALE,5,0,6,0,140
TROLL MALE,5,0,6,1,511
TROLL MALE,5,0,6,2,141
TROLL MALE,5,0,6,3,143
TROLL FEMALE,5,1,0,0,152
TROLL FEMALE,5,1,0,1,517
TROLL FEMALE,5,1,0,2,145
TROLL FEMALE,5,1,0,3,147
TROLL FEMALE,5,1,1,0,152
TROLL FEMALE,5,1,1,1,517
TROLL FEMALE,5,1,1,2,145
TROLL FEMALE,5,1,1,3,147
TROLL FEMALE,5,1,2,0,152
TROLL FEMALE,5,1,2,1,517
TROLL FEMALE,5,1,2,2,145
TROLL FEMALE,5,1,2,3,147
TROLL FEMALE,5,1,3,0,152
TROLL FEMALE,5,1,3,1,517
TROLL FEMALE,5,1,3,2,145
TROLL FEMALE,5,1,3,3,147
TROLL FEMALE,5,1,4,0,152
TROLL FEMALE,5,1,4,1,517
TROLL FEMALE,5,1,4,2,145
TROLL FEMALE,5,1,4,3,147
TROLL FEMALE,5,1,5,0,152
TROLL FEMALE,5,1,5,1,517
TROLL FEMALE,5,1,5,2,145
TROLL FEMALE,5,1,5,3,147
TROLL FEMALE,5,1,6,0,152
TROLL FEMALE,5,1,6,1,517
TROLL FEMALE,5,1,6,2,145
TROLL FEMALE,5,1,6,3,147
DWARF MALE,6,0,0,0,185
DWARF MALE,6,0,0,1,521
DWARF MALE,6,0,0,2,522
DWARF MALE,6,0,0,3,192
DWARF MALE,6,0,0,4,520
DWARF MALE,6,0,0,5,522
DWARF MALE,6,0,1,0,185
DWARF MALE,6,0,1,1,521
DWARF MALE,6,0,1,2,522
DWARF MALE,6,0,1,3,192
DWARF MALE,6,0,1,4,520
DWARF MALE,6,0,1,5,522
DWARF MALE,6,0,2,0,185
DWARF MALE,6,0,2,1,521
DWARF MALE,6,0,2,2,522
DWARF MALE,6,0,2,3,192
DWARF MALE,6,0,2,4,520
DWARF MALE,6,0,2,5,522
DWARF MALE,6,0,3,0,185
DWARF MALE,6,0,3,1,521
DWARF MALE,6,0,3,2,522
DWARF MALE,6,0,3,3,192
DWARF MALE,6,0,3,4,520
DWARF MALE,6,0,3,5,522
DWARF MALE,6,0,4,0,185
DWARF MALE,6,0,4,1,521
DWARF MALE,6,0,4,2,522
DWARF MALE,6,0,4,3,192
DWARF MALE,6,0,4,4,520
DWARF MALE,6,0,4,5,522
DWARF MALE,6,0,5,0,185
DWARF MALE,6,0,5,1,521
DWARF MALE,6,0,5,2,522
DWARF MALE,6,0,5,3,192
DWARF MALE,6,0,5,4,520
DWARF MALE,6,0,5,5,522
DWARF MALE,6,0,6,0,185
DWARF MALE,6,0,6,1,521
DWARF MALE,6,0,6,2,522
DWARF MALE,6,0,6,3,192
DWARF MALE,6,0,6,4,520
DWARF MALE,6,0,6,5,522
DWARF FEMALE,6,1,0,0,193
DWARF FEMALE,6,1,0,1,194
DWARF FEMALE,6,1,0,2,197
DWARF FEMALE,6,1,0,3,198
DWARF FEMALE,6,1,1,0,193
DWARF FEMALE,6,1,1,1,194
DWARF FEMALE,6,1,1,2,197
DWARF FEMALE,6,1,1,3,198
DWARF FEMALE,6,1,2,0,193
DWARF FEMALE,6,1,2,1,194
DWARF FEMALE,6,1,2,2,197
DWARF FEMALE,6,1,2,3,198
DWARF FEMALE,6,1,3,0,193
DWARF FEMALE,6,1,3,1,194
DWARF FEMALE,6,1,3,2,197
DWARF FEMALE,6,1,3,3,198
DWARF FEMALE,6,1,4,0,193
DWARF FEMALE,6,1,4,1,194
DWARF FEMALE,6,1,4,2,197
DWARF FEMALE,6,1,4,3,198
DWARF FEMALE,6,1,5,0,193
DWARF FEMALE,6,1,5,1,194
DWARF FEMALE,6,1,5,2,197
DWARF FEMALE,6,1,5,3,198
DWARF FEMALE,6,1,6,0,193
DWARF FEMALE,6,1,6,1,194
DWARF FEMALE,6,1,6,2,197
DWARF FEMALE,6,1,6,3,198
KOBOLD MALE,7,0,0,0,529
KOBOLD MALE,7,0,0,1,530
KOBOLD MALE,7,0,0,2,176
KOBOLD MALE,7,0,0,3,528
KOBOLD MALE,7,0,0,4,169
KOBOLD MALE,7,0,1,0,529
KOBOLD MALE,7,0,1,1,530
KOBOLD MALE,7,0,1,2,176
KOBOLD MALE,7,0,1,3,528
KOBOLD MALE,7,0,1,4,169
KOBOLD MALE,7,0,2,0,529
KOBOLD MALE,7,0,2,1,530
KOBOLD MALE,7,0,2,2,176
KOBOLD MALE,7,0,2,3,528
KOBOLD MALE,7,0,2,4,176
KOBOLD MALE,7,0,3,0,529
KOBOLD MALE,7,0,3,1,530
KOBOLD MALE,7,0,3,2,176
KOBOLD MALE,7,0,3,3,528
KOBOLD MALE,7,0,3,4,170
KOBOLD MALE,7,0,4,0,529
KOBOLD MALE,7,0,4,1,530
KOBOLD MALE,7,0,4,2,176
KOBOLD MALE,7,0,4,3,528
KOBOLD MALE,7,0,4,4,170
KOBOLD MALE,7,0,5,0,529
KOBOLD MALE,7,0,5,1,530
KOBOLD MALE,7,0,5,2,176
KOBOLD MALE,7,0,5,3,528
KOBOLD MALE,7,0,5,4,171
KOBOLD MALE,7,0,6,0,529
KOBOLD MALE,7,0,6,1,530
KOBOLD MALE,7,0,6,2,176
KOBOLD MALE,7,0,6,3,528
KOBOLD MALE,7,0,6,4,528
KOBOLD FEMALE,7,1,0,0,177
KOBOLD FEMALE,7,1,0,1,181
KOBOLD FEMALE,7,1,0,2,182
KOBOLD FEMALE,7,1,0,3,183
KOBOLD FEMALE,7,1,1,0,177
KOBOLD FEMALE,7,1,1,1,181
KOBOLD FEMALE,7,1,1,2,182
KOBOLD FEMALE,7,1,1,3,183
KOBOLD FEMALE,7,1,2,0,177
KOBOLD FEMALE,7,1,2,1,181
KOBOLD FEMALE,7,1,2,2,182
KOBOLD FEMALE,7,1,2,3,183
KOBOLD FEMALE,7,1,3,0,177
KOBOLD FEMALE,7,1,3,1,181
KOBOLD FEMALE,7,1,3,2,182
KOBOLD FEMALE,7,1,3,3,183
KOBOLD FEMALE,7,1,4,0,177
KOBOLD FEMALE,7,1,4,1,181
KOBOLD FEMALE,7,1,4,2,182
KOBOLD FEMALE,7,1,4,3,183
KOBOLD FEMALE,7,1,5,0,177
KOBOLD FEMALE,7,1,5,1,181
KOBOLD FEMALE,7,1,5,2,182
KOBOLD FEMALE,7,1,5,3,183
KOBOLD FEMALE,7,1,6,0,180
KOBOLD FEMALE,7,1,6,1,533
KOBOLD FEMALE,7,1,6,2,179
KOBOLD FEMALE,7,1,6,3,531
CELT MALE,8,0,0,0,535
CELT MALE,8,0,0,1,304
CELT MALE,8,0,0,2,305
CELT MALE,8,0,0,3,303
CELT MALE,8,0,0,4,303
CELT MALE,8,0,0,5,303
CELT MALE,8,0,0,6,309
CELT MALE,8,0,0,7,537
CELT MALE,8,0,1,0,535
CELT MALE,8,0,1,1,304
CELT MALE,8,0,1,2,305
CELT MALE,8,0,1,3,303
CELT MALE,8,0,1,4,302
CELT MALE,8,0,1,5,303
CELT MALE,8,0,1,6,538
CELT MALE,8,0,1,7,537
CELT MALE,8,0,2,0,535
CELT MALE,8,0,2,1,304
CELT MALE,8,0,2,2,305
CELT MALE,8,0,2,3,303
CELT MALE,8,0,2,4,302
CELT MALE,8,0,2,5,303
CELT MALE,8,0,2,6,309
CELT MALE,8,0,2,7,537
CELT MALE,8,0,3,0,535
CELT MALE,8,0,3,1,304
CELT MALE,8,0,3,2,305
CELT MALE,8,0,3,3,303
CELT MALE,8,0,3,4,303
CELT MALE,8,0,3,5,303
CELT MALE,8,0,3,6,538
CELT MALE,8,0,3,7,537
CELT MALE,8,0,4,0,535
CELT MALE,8,0,4,1,304
CELT MALE,8,0,4,2,305
CELT MALE,8,0,4,3,303
CELT MALE,8,0,4,4,302
CELT MALE,8,0,4,5,303
CELT MALE,8,0,4,6,309
CELT MALE,8,0,4,7,537
CELT MALE,8,0,5,0,535
CELT MALE,8,0,5,1,304
CELT MALE,8,0,5,2,305
CELT MALE,8,0,5,3,303
CELT MALE,8,0,5,4,302
CELT MALE,8,0,5,5,303
CELT MALE,8,0,5,6,538
CELT MALE,8,0,5,7,537
CELT MALE,8,0,6,0,535
CELT MALE,8,0,6,1,304
CELT MALE,8,0,6,2,305
CELT MALE,8,0,6,3,303
CELT MALE,8,0,6,4,302
CELT MALE,8,0,6,5,303
CELT MALE,8,0,6,6,309
CELT MALE,8,0,6,7,537
CELT FEMALE,8,1,0,0,310
CELT FEMALE,8,1,0,1,314
CELT FEMALE,8,1,0,2,315
CELT FEMALE,8,1,0,3,311
CELT FEMALE,8,1,0,4,314
CELT FEMALE,8,1,1,0,310
CELT FEMALE,8,1,1,1,314
CELT FEMALE,8,1,1,2,315
CELT FEMALE,8,1,1,3,311
CELT FEMALE,8,1,1,4,315
CELT FEMALE,8,1,2,0,310
CELT FEMALE,8,1,2,1,314
CELT FEMALE,8,1,2,2,315
CELT FEMALE,8,1,2,3,311
CELT FEMALE,8,1,2,4,316
CELT FEMALE,8,1,3,0,310
CELT FEMALE,8,1,3,1,314
CELT FEMALE,8,1,3,2,315
CELT FEMALE,8,1,3,3,311
CELT FEMALE,8,1,3,4,317
CELT FEMALE,8,1,4,0,310
CELT FEMALE,8,1,4,1,314
CELT FEMALE,8,1,4,2,315
CELT FEMALE,8,1,4,3,311
CELT FEMALE,8,1,4,4,314
CELT FEMALE,8,1,5,0,310
CELT FEMALE,8,1,5,1,314
CELT FEMALE,8,1,5,2,315
CELT FEMALE,8,1,5,3,311
CELT FEMALE,8,1,5,4,315
CELT FEMALE,8,1,6,0,310
CELT FEMALE,8,1,6,1,314
CELT FEMALE,8,1,6,2,315
CELT FEMALE,8,1,6,3,311
CELT FEMALE,8,1,6,4,316
FIRBOLG MALE,9,0,0,0,288
FIRBOLG MALE,9,0,0,1,286
FIRBOLG MALE,9,0,0,2,290
FIRBOLG MALE,9,0,0,3,292
FIRBOLG MALE,9,0,0,4,287
FIRBOLG MALE,9,0,0,5,553
FIRBOLG MALE,9,0,0,6,291
FIRBOLG MALE,9,0,0,7,292
FIRBOLG MALE,9,0,1,0,288
FIRBOLG MALE,9,0,1,1,286
FIRBOLG MALE,9,0,1,2,290
FIRBOLG MALE,9,0,1,3,292
FIRBOLG MALE,9,0,1,4,287
FIRBOLG MALE,9,0,1,5,553
FIRBOLG MALE,9,0,1,6,291
FIRBOLG MALE,9,0,1,7,292
FIRBOLG MALE,9,0,2,0,288
FIRBOLG MALE,9,0,2,1,286
FIRBOLG MALE,9,0,2,2,290
FIRBOLG MALE,9,0,2,3,292
FIRBOLG MALE,9,0,2,4,287
FIRBOLG MALE,9,0,2,5,553
FIRBOLG MALE,9,0,2,6,291
FIRBOLG MALE,9,0,2,7,292
FIRBOLG MALE,9,0,3,0,288
FIRBOLG MALE,9,0,3,1,286
FIRBOLG MALE,9,0,3,2,290
FIRBOLG MALE,9,0,3,3,292
FIRBOLG MALE,9,0,3,4,287
FIRBOLG MALE,9,0,3,5,553
FIRBOLG MALE,9,0,3,6,291
FIRBOLG MALE,9,0,3,7,292
FIRBOLG MALE,9,0,4,0,288
FIRBOLG MALE,9,0,4,1,286
FIRBOLG MALE,9,0,4,2,290
FIRBOLG MALE,9,0,4,3,292
FIRBOLG MALE,9,0,4,4,287
FIRBOLG MALE,9,0,4,5,553
FIRBOLG MALE,9,0,4,6,291
FIRBOLG MALE,9,0,4,7,292
FIRBOLG MALE,9,0,5,0,288
FIRBOLG MALE,9,0,5,1,286
FIRBOLG MALE,9,0,5,2,290
FIRBOLG MALE,9,0,5,3,292
FIRBOLG MALE,9,0,5,4,287
FIRBOLG MALE,9,0,5,5,553
FIRBOLG MALE,9,0,5,6,291
FIRBOLG MALE,9,0,5,7,292
FIRBOLG MALE,9,0,6,0,288
FIRBOLG MALE,9,0,6,1,286
FIRBOLG MALE,9,0,6,2,290
FIRBOLG MALE,9,0,6,3,292
FIRBOLG MALE,9,0,6,4,287
FIRBOLG MALE,9,0,6,5,553
FIRBOLG MALE,9,0,6,6,291
FIRBOLG MALE,9,0,6,7,292
FIRBOLG FEMALE,9,1,1,0,294
FIRBOLG FEMALE,9,1,1,1,298
FIRBOLG FEMALE,9,1,1,2,299
FIRBOLG FEMALE,9,1,1,3,295
FIRBOLG FEMALE,9,1,2,0,294
FIRBOLG FEMALE,9,1,2,1,298
FIRBOLG FEMALE,9,1,2,2,299
FIRBOLG FEMALE,9,1,2,3,295
FIRBOLG FEMALE,9,1,3,0,294
FIRBOLG FEMALE,9,1,3,1,298
FIRBOLG FEMALE,9,1,3,2,299
FIRBOLG FEMALE,9,1,3,3,295
FIRBOLG FEMALE,9,1,4,0,294
FIRBOLG FEMALE,9,1,4,1,298
FIRBOLG FEMALE,9,1,4,2,299
FIRBOLG FEMALE,9,1,4,3,295
FIRBOLG FEMALE,9,1,5,0,294
FIRBOLG FEMALE,9,1,5,1,298
FIRBOLG FEMALE,9,1,5,2,299
FIRBOLG FEMALE,9,1,5,3,295
FIRBOLG FEMALE,9,1,5,0,294
FIRBOLG FEMALE,9,1,5,1,298
FIRBOLG FEMALE,9,1,5,2,299
FIRBOLG FEMALE,9,1,5,3,295
ELF MALE,10,0,0,0,338
ELF MALE,10,0,0,1,340
ELF MALE,10,0,0,2,334
ELF MALE,10,0,0,3,562
ELF MALE,10,0,1,0,338
ELF MALE,10,0,1,1,340
ELF MALE,10,0,1,2,334
ELF MALE,10,0,1,3,562
ELF MALE,10,0,2,0,338
ELF MALE,10,0,2,1,340
ELF MALE,10,0,2,2,334
ELF MALE,10,0,2,3,562
ELF MALE,10,0,3,0,338
ELF MALE,10,0,3,1,340
ELF MALE,10,0,3,2,334
ELF MALE,10,0,3,3,562
ELF MALE,10,0,4,0,338
ELF MALE,10,0,4,1,340
ELF MALE,10,0,4,2,334
ELF MALE,10,0,4,3,562
ELF MALE,10,0,5,0,338
ELF MALE,10,0,5,1,340
ELF MALE,10,0,5,2,334
ELF MALE,10,0,5,3,562
ELF MALE,10,0,6,0,338
ELF MALE,10,0,6,1,340
ELF MALE,10,0,6,2,334
ELF MALE,10,0,6,3,562
ELF FEMALE,10,1,0,0,565
ELF FEMALE,10,1,0,1,566
ELF FEMALE,10,1,0,2,563
ELF FEMALE,10,1,0,3,564
ELF FEMALE,10,1,1,0,565
ELF FEMALE,10,1,1,1,566
ELF FEMALE,10,1,1,2,563
ELF FEMALE,10,1,1,3,564
ELF FEMALE,10,1,2,0,565
ELF FEMALE,10,1,2,1,566
ELF FEMALE,10,1,2,2,563
ELF FEMALE,10,1,2,3,564
ELF FEMALE,10,1,3,0,565
ELF FEMALE,10,1,3,1,566
ELF FEMALE,10,1,3,2,563
ELF FEMALE,10,1,3,3,564
ELF FEMALE,10,1,4,0,565
ELF FEMALE,10,1,4,1,566
ELF FEMALE,10,1,4,2,563
ELF FEMALE,10,1,4,3,564
ELF FEMALE,10,1,5,0,565
ELF FEMALE,10,1,5,1,566
ELF FEMALE,10,1,5,2,563
ELF FEMALE,10,1,5,3,564
ELF FEMALE,10,1,6,0,565
ELF FEMALE,10,1,6,1,566
ELF FEMALE,10,1,6,2,563
ELF FEMALE,10,1,6,3,564
LURIKEEN MALE,11,0,0,0,544
LURIKEEN MALE,11,0,0,1,322
LURIKEEN MALE,11,0,0,2,321
LURIKEEN MALE,11,0,0,3,319
LURIKEEN MALE,11,0,0,4,546
LURIKEEN MALE,11,0,0,5,321
LURIKEEN MALE,11,0,0,6,325
LURIKEEN MALE,11,0,0,7,322
LURIKEEN MALE,11,0,1,0,544
LURIKEEN MALE,11,0,1,1,322
LURIKEEN MALE,11,0,1,2,321
LURIKEEN MALE,11,0,1,3,319
LURIKEEN MALE,11,0,1,4,544
LURIKEEN MALE,11,0,1,5,325
LURIKEEN MALE,11,0,1,6,321
LURIKEEN MALE,11,0,1,7,324
LURIKEEN MALE,11,0,2,0,544
LURIKEEN MALE,11,0,2,1,322
LURIKEEN MALE,11,0,2,2,321
LURIKEEN MALE,11,0,2,3,319
LURIKEEN MALE,11,0,2,4,546
LURIKEEN MALE,11,0,2,5,321
LURIKEEN MALE,11,0,2,6,325
LURIKEEN MALE,11,0,2,7,324
LURIKEEN MALE,11,0,3,0,544
LURIKEEN MALE,11,0,3,1,322
LURIKEEN MALE,11,0,3,2,321
LURIKEEN MALE,11,0,3,3,319
LURIKEEN MALE,11,0,3,4,544
LURIKEEN MALE,11,0,3,5,325
LURIKEEN MALE,11,0,3,6,321
LURIKEEN MALE,11,0,3,7,322
LURIKEEN MALE,11,0,4,0,544
LURIKEEN MALE,11,0,4,1,322
LURIKEEN MALE,11,0,4,2,321
LURIKEEN MALE,11,0,4,3,319
LURIKEEN MALE,11,0,4,4,546
LURIKEEN MALE,11,0,4,5,321
LURIKEEN MALE,11,0,4,6,325
LURIKEEN MALE,11,0,4,7,324
LURIKEEN MALE,11,0,5,0,544
LURIKEEN MALE,11,0,5,1,322
LURIKEEN MALE,11,0,5,2,321
LURIKEEN MALE,11,0,5,3,319
LURIKEEN MALE,11,0,5,4,544
LURIKEEN MALE,11,0,5,5,325
LURIKEEN MALE,11,0,5,6,321
LURIKEEN MALE,11,0,5,7,322
LURIKEEN MALE,11,0,6,0,544
LURIKEEN MALE,11,0,6,1,322
LURIKEEN MALE,11,0,6,2,321
LURIKEEN MALE,11,0,6,3,325
LURIKEEN MALE,11,0,6,4,546
LURIKEEN MALE,11,0,6,5,321
LURIKEEN MALE,11,0,6,6,319
LURIKEEN MALE,11,0,6,7,324
LURIKEEN FEMALE,11,1,0,0,330
LURIKEEN FEMALE,11,1,0,1,331
LURIKEEN FEMALE,11,1,0,2,332
LURIKEEN FEMALE,11,1,0,3,326
LURIKEEN FEMALE,11,1,1,0,330
LURIKEEN FEMALE,11,1,1,1,331
LURIKEEN FEMALE,11,1,1,2,332
LURIKEEN FEMALE,11,1,1,3,326
LURIKEEN FEMALE,11,1,2,0,330
LURIKEEN FEMALE,11,1,2,1,331
LURIKEEN FEMALE,11,1,2,2,332
LURIKEEN FEMALE,11,1,2,3,326
LURIKEEN FEMALE,11,1,3,0,330
LURIKEEN FEMALE,11,1,3,1,331
LURIKEEN FEMALE,11,1,3,2,332
LURIKEEN FEMALE,11,1,3,3,326
LURIKEEN FEMALE,11,1,4,0,330
LURIKEEN FEMALE,11,1,4,1,331
LURIKEEN FEMALE,11,1,4,2,332
LURIKEEN FEMALE,11,1,4,3,326
LURIKEEN FEMALE,11,1,5,0,330
LURIKEEN FEMALE,11,1,5,1,331
LURIKEEN FEMALE,11,1,5,2,332
LURIKEEN FEMALE,11,1,5,3,326
LURIKEEN FEMALE,11,1,6,0,330
LURIKEEN FEMALE,11,1,6,1,331
LURIKEEN FEMALE,11,1,6,2,332
LURIKEEN FEMALE,11,1,6,3,326
INCONNU MALE,12,0,0,0,716
INCONNU MALE,12,0,0,1,717
INCONNU MALE,12,0,0,2,718
INCONNU MALE,12,0,0,3,719
INCONNU MALE,12,0,0,4,716
INCONNU MALE,12,0,0,5,718
INCONNU MALE,12,0,0,6,718
INCONNU MALE,12,0,0,7,718
INCONNU MALE,12,0,1,0,716
INCONNU MALE,12,0,1,1,717
INCONNU MALE,12,0,1,2,718
INCONNU MALE,12,0,1,3,719
INCONNU MALE,12,0,1,4,720
INCONNU MALE,12,0,1,5,718
INCONNU MALE,12,0,1,6,718
INCONNU MALE,12,0,1,7,718
INCONNU MALE,12,0,2,0,716
INCONNU MALE,12,0,2,1,717
INCONNU MALE,12,0,2,2,718
INCONNU MALE,12,0,2,3,719
INCONNU MALE,12,0,2,4,806
INCONNU MALE,12,0,2,5,718
INCONNU MALE,12,0,2,6,718
INCONNU MALE,12,0,2,7,718
INCONNU MALE,12,0,3,0,716
INCONNU MALE,12,0,3,1,717
INCONNU MALE,12,0,3,2,718
INCONNU MALE,12,0,3,3,719
INCONNU MALE,12,0,3,4,721
INCONNU MALE,12,0,3,5,718
INCONNU MALE,12,0,3,6,718
INCONNU MALE,12,0,3,7,718
INCONNU MALE,12,0,4,0,716
INCONNU MALE,12,0,4,1,717
INCONNU MALE,12,0,4,2,718
INCONNU MALE,12,0,4,3,719
INCONNU MALE,12,0,4,4,717
INCONNU MALE,12,0,4,5,718
INCONNU MALE,12,0,4,6,718
INCONNU MALE,12,0,4,7,718
INCONNU MALE,12,0,5,0,716
INCONNU MALE,12,0,5,1,717
INCONNU MALE,12,0,5,2,718
INCONNU MALE,12,0,5,3,719
INCONNU MALE,12,0,5,4,805
INCONNU MALE,12,0,5,5,718
INCONNU MALE,12,0,5,6,718
INCONNU MALE,12,0,5,7,718
INCONNU MALE,12,0,6,0,716
INCONNU MALE,12,0,6,1,717
INCONNU MALE,12,0,6,2,718
INCONNU MALE,12,0,6,3,719
INCONNU MALE,12,0,6,4,716
INCONNU MALE,12,0,6,5,718
INCONNU MALE,12,0,6,6,718
INCONNU MALE,12,0,6,7,718
INCONNU FEMALE,12,1,0,0,724
INCONNU FEMALE,12,1,0,1,726
INCONNU FEMALE,12,1,0,2,725
INCONNU FEMALE,12,1,0,3,727
INCONNU FEMALE,12,1,0,4,727
INCONNU FEMALE,12,1,1,0,724
INCONNU FEMALE,12,1,1,1,726
INCONNU FEMALE,12,1,1,2,725
INCONNU FEMALE,12,1,1,3,727
INCONNU FEMALE,12,1,1,4,728
INCONNU FEMALE,12,1,2,0,724
INCONNU FEMALE,12,1,2,1,726
INCONNU FEMALE,12,1,2,2,725
INCONNU FEMALE,12,1,2,3,727
INCONNU FEMALE,12,1,2,4,728
INCONNU FEMALE,12,1,3,0,724
INCONNU FEMALE,12,1,3,1,726
INCONNU FEMALE,12,1,3,2,725
INCONNU FEMALE,12,1,3,3,727
INCONNU FEMALE,12,1,3,4,728
INCONNU FEMALE,12,1,4,0,724
INCONNU FEMALE,12,1,4,1,726
INCONNU FEMALE,12,1,4,2,725
INCONNU FEMALE,12,1,4,3,727
INCONNU FEMALE,12,1,4,4,728
INCONNU FEMALE,12,1,5,0,724
INCONNU FEMALE,12,1,5,1,726
INCONNU FEMALE,12,1,5,2,725
INCONNU FEMALE,12,1,5,3,727
INCONNU FEMALE,12,1,5,4,728
INCONNU FEMALE,12,1,6,0,724
INCONNU FEMALE,12,1,6,1,726
INCONNU FEMALE,12,1,6,2,725
INCONNU FEMALE,12,1,6,3,727
INCONNU FEMALE,12,1,6,4,728
VALKYN MALE,13,0,0,0,777
VALKYN MALE,13,0,0,1,773
VALKYN MALE,13,0,0,2,779
VALKYN MALE,13,0,0,3,774
VALKYN MALE,13,0,1,0,777
VALKYN MALE,13,0,1,1,773
VALKYN MALE,13,0,1,2,779
VALKYN MALE,13,0,1,3,774
VALKYN MALE,13,0,2,0,777
VALKYN MALE,13,0,2,1,773
VALKYN MALE,13,0,2,2,779
VALKYN MALE,13,0,2,3,774
VALKYN MALE,13,0,3,0,777
VALKYN MALE,13,0,3,1,773
VALKYN MALE,13,0,3,2,779
VALKYN MALE,13,0,3,3,774
VALKYN MALE,13,0,4,0,777
VALKYN MALE,13,0,4,1,773
VALKYN MALE,13,0,4,2,779
VALKYN MALE,13,0,4,3,774
VALKYN MALE,13,0,5,0,777
VALKYN MALE,13,0,5,1,773
VALKYN MALE,13,0,5,2,779
VALKYN MALE,13,0,5,3,774
VALKYN MALE,13,0,6,0,779
VALKYN MALE,13,0,6,1,773
VALKYN MALE,13,0,6,2,779
VALKYN MALE,13,0,6,3,774
VALKYN FEMALE,13,1,0,0,782
VALKYN FEMALE,13,1,0,1,783
VALKYN FEMALE,13,1,0,2,836
VALKYN FEMALE,13,1,0,3,784
VALKYN FEMALE,13,1,1,0,782
VALKYN FEMALE,13,1,1,1,783
VALKYN FEMALE,13,1,1,2,836
VALKYN FEMALE,13,1,1,3,784
VALKYN FEMALE,13,1,2,0,782
VALKYN FEMALE,13,1,2,1,783
VALKYN FEMALE,13,1,2,2,836
VALKYN FEMALE,13,1,2,3,784
VALKYN FEMALE,13,1,3,0,782
VALKYN FEMALE,13,1,3,1,783
VALKYN FEMALE,13,1,3,2,836
VALKYN FEMALE,13,1,3,3,784
VALKYN FEMALE,13,1,4,0,782
VALKYN FEMALE,13,1,4,1,783
VALKYN FEMALE,13,1,4,2,836
VALKYN FEMALE,13,1,4,3,784
VALKYN FEMALE,13,1,5,0,782
VALKYN FEMALE,13,1,5,1,783
VALKYN FEMALE,13,1,5,2,836
VALKYN FEMALE,13,1,5,3,784
VALKYN FEMALE,13,1,6,0,785
VALKYN FEMALE,13,1,6,1,783
VALKYN FEMALE,13,1,6,2,787
VALKYN FEMALE,13,1,6,3,783
SYLVAN MALE,14,0,0,0,700
SYLVAN MALE,14,0,0,1,702
SYLVAN MALE,14,0,0,2,703
SYLVAN MALE,14,0,0,3,706
SYLVAN MALE,14,0,1,0,700
SYLVAN MALE,14,0,1,1,702
SYLVAN MALE,14,0,1,2,703
SYLVAN MALE,14,0,1,3,706
SYLVAN MALE,14,0,2,0,700
SYLVAN MALE,14,0,2,1,702
SYLVAN MALE,14,0,2,2,703
SYLVAN MALE,14,0,2,3,706
SYLVAN MALE,14,0,3,0,700
SYLVAN MALE,14,0,3,1,702
SYLVAN MALE,14,0,3,2,703
SYLVAN MALE,14,0,3,3,706
SYLVAN MALE,14,0,4,0,700
SYLVAN MALE,14,0,4,1,702
SYLVAN MALE,14,0,4,2,703
SYLVAN MALE,14,0,4,3,706
SYLVAN MALE,14,0,5,0,700
SYLVAN MALE,14,0,5,1,702
SYLVAN MALE,14,0,5,2,703
SYLVAN MALE,14,0,5,3,706
SYLVAN MALE,14,0,6,0,700
SYLVAN MALE,14,0,6,1,702
SYLVAN MALE,14,0,6,2,703
SYLVAN MALE,14,0,6,3,706
SYLVAN FEMALE,14,1,0,0,714
SYLVAN FEMALE,14,1,0,1,855
SYLVAN FEMALE,14,1,0,2,708
SYLVAN FEMALE,14,1,0,3,853
SYLVAN FEMALE,14,1,1,0,714
SYLVAN FEMALE,14,1,1,1,855
SYLVAN FEMALE,14,1,1,2,708
SYLVAN FEMALE,14,1,1,3,853
SYLVAN FEMALE,14,1,2,0,714
SYLVAN FEMALE,14,1,2,1,855
SYLVAN FEMALE,14,1,2,2,708
SYLVAN FEMALE,14,1,2,3,853
SYLVAN FEMALE,14,1,3,0,714
SYLVAN FEMALE,14,1,3,1,855
SYLVAN FEMALE,14,1,3,2,708
SYLVAN FEMALE,14,1,3,3,853
SYLVAN FEMALE,14,1,4,0,714
SYLVAN FEMALE,14,1,4,1,855
SYLVAN FEMALE,14,1,4,2,708
SYLVAN FEMALE,14,1,4,3,853
SYLVAN FEMALE,14,1,5,0,714
SYLVAN FEMALE,14,1,5,1,855
SYLVAN FEMALE,14,1,5,2,708
SYLVAN FEMALE,14,1,5,3,853
SYLVAN FEMALE,14,1,6,0,714
SYLVAN FEMALE,14,1,6,1,855
SYLVAN FEMALE,14,1,6,2,708
SYLVAN FEMALE,14,1,6,3,853
HALF_OGRE MALE,15,0,0,0,1012
HALF_OGRE MALE,15,0,0,1,1008
HALF_OGRE MALE,15,0,0,2,1014
HALF_OGRE MALE,15,0,0,3,1018
HALF_OGRE MALE,15,0,0,4,1011
HALF_OGRE MALE,15,0,0,5,1010
HALF_OGRE MALE,15,0,0,6,1009
HALF_OGRE MALE,15,0,1,0,1012
HALF_OGRE MALE,15,0,1,1,1008
HALF_OGRE MALE,15,0,1,2,1014
HALF_OGRE MALE,15,0,1,3,1018
HALF_OGRE MALE,15,0,1,4,1011
HALF_OGRE MALE,15,0,1,5,1010
HALF_OGRE MALE,15,0,1,6,1009
HALF_OGRE MALE,15,0,2,0,1012
HALF_OGRE MALE,15,0,2,1,1008
HALF_OGRE MALE,15,0,2,2,1014
HALF_OGRE MALE,15,0,2,3,1018
HALF_OGRE MALE,15,0,2,4,1011
HALF_OGRE MALE,15,0,2,5,1010
HALF_OGRE MALE,15,0,2,6,1009
HALF_OGRE MALE,15,0,3,0,1012
HALF_OGRE MALE,15,0,3,1,1008
HALF_OGRE MALE,15,0,3,2,1014
HALF_OGRE MALE,15,0,3,3,1018
HALF_OGRE MALE,15,0,3,4,1011
HALF_OGRE MALE,15,0,3,5,1010
HALF_OGRE MALE,15,0,3,6,1009
HALF_OGRE MALE,15,0,4,0,1012
HALF_OGRE MALE,15,0,4,1,1008
HALF_OGRE MALE,15,0,4,2,1014
HALF_OGRE MALE,15,0,4,3,1018
HALF_OGRE MALE,15,0,4,4,1011
HALF_OGRE MALE,15,0,4,5,1010
HALF_OGRE MALE,15,0,4,6,1009
HALF_OGRE MALE,15,0,5,0,1012
HALF_OGRE MALE,15,0,5,1,1008
HALF_OGRE MALE,15,0,5,2,1014
HALF_OGRE MALE,15,0,5,3,1018
HALF_OGRE MALE,15,0,5,4,1011
HALF_OGRE MALE,15,0,5,5,1010
HALF_OGRE MALE,15,0,5,6,1009
HALF_OGRE MALE,15,0,6,0,1012
HALF_OGRE MALE,15,0,6,1,1008
HALF_OGRE MALE,15,0,6,2,1014
HALF_OGRE MALE,15,0,6,3,1018
HALF_OGRE MALE,15,0,6,4,1011
HALF_OGRE MALE,15,0,6,5,1010
HALF_OGRE MALE,15,0,6,6,1009
HALF_OGRE FEMALE,15,1,0,0,1020
HALF_OGRE FEMALE,15,1,0,1,1022
HALF_OGRE FEMALE,15,1,0,2,1024
HALF_OGRE FEMALE,15,1,0,3,1025
HALF_OGRE FEMALE,15,1,1,0,1020
HALF_OGRE FEMALE,15,1,1,1,1022
HALF_OGRE FEMALE,15,1,1,2,1024
HALF_OGRE FEMALE,15,1,1,3,1025
HALF_OGRE FEMALE,15,1,2,0,1020
HALF_OGRE FEMALE,15,1,2,1,1022
HALF_OGRE FEMALE,15,1,2,2,1024
HALF_OGRE FEMALE,15,1,2,3,1025
HALF_OGRE FEMALE,15,1,3,0,1020
HALF_OGRE FEMALE,15,1,3,1,1022
HALF_OGRE FEMALE,15,1,3,2,1024
HALF_OGRE FEMALE,15,1,3,3,1025
HALF_OGRE FEMALE,15,1,4,0,1020
HALF_OGRE FEMALE,15,1,4,1,1022
HALF_OGRE FEMALE,15,1,4,2,1024
HALF_OGRE FEMALE,15,1,4,3,1025
HALF_OGRE FEMALE,15,1,5,0,1020
HALF_OGRE FEMALE,15,1,5,1,1022
HALF_OGRE FEMALE,15,1,5,2,1024
HALF_OGRE FEMALE,15,1,5,3,1025
HALF_OGRE FEMALE,15,1,6,0,1020
HALF_OGRE FEMALE,15,1,6,1,1022
HALF_OGRE FEMALE,15,1,6,2,1024
HALF_OGRE FEMALE,15,1,6,3,1025
FROSTALF MALE,16,0,0,0,1061
FROSTALF MALE,16,0,0,1,1055
FROSTALF MALE,16,0,0,2,1053
FROSTALF MALE,16,0,0,3,1056
FROSTALF MALE,16,0,1,0,1061
FROSTALF MALE,16,0,1,1,1055
FROSTALF MALE,16,0,1,2,1053
FROSTALF MALE,16,0,1,3,1056
FROSTALF MALE,16,0,2,0,1061
FROSTALF MALE,16,0,2,1,1055
FROSTALF MALE,16,0,2,2,1053
FROSTALF MALE,16,0,2,3,1056
FROSTALF MALE,16,0,3,0,1061
FROSTALF MALE,16,0,3,1,1055
FROSTALF MALE,16,0,3,2,1053
FROSTALF MALE,16,0,3,3,1056
FROSTALF MALE,16,0,4,0,1061
FROSTALF MALE,16,0,4,1,1055
FROSTALF MALE,16,0,4,2,1053
FROSTALF MALE,16,0,4,3,1056
FROSTALF MALE,16,0,5,0,1061
FROSTALF MALE,16,0,5,1,1055
FROSTALF MALE,16,0,5,2,1053
FROSTALF MALE,16,0,5,3,1056
FROSTALF MALE,16,0,6,0,1058
FROSTALF MALE,16,0,6,1,1055
FROSTALF MALE,16,0,6,2,1055
FROSTALF MALE,16,0,6,3,1055
FROSTALF FEMALE,16,1,0,0,1072
FROSTALF FEMALE,16,1,0,1,1071
FROSTALF FEMALE,16,1,0,2,1073
FROSTALF FEMALE,16,1,0,3,1063
FROSTALF FEMALE,16,1,1,0,1072
FROSTALF FEMALE,16,1,1,1,1071
FROSTALF FEMALE,16,1,1,2,1073
FROSTALF FEMALE,16,1,1,3,1063
FROSTALF FEMALE,16,1,2,0,1072
FROSTALF FEMALE,16,1,2,1,1071
FROSTALF FEMALE,16,1,2,2,1073
FROSTALF FEMALE,16,1,2,3,1063
FROSTALF FEMALE,16,1,3,0,1072
FROSTALF FEMALE,16,1,3,1,1071
FROSTALF FEMALE,16,1,3,2,1073
FROSTALF FEMALE,16,1,3,3,1063
FROSTALF FEMALE,16,1,4,0,1072
FROSTALF FEMALE,16,1,4,1,1071
FROSTALF FEMALE,16,1,4,2,1073
FROSTALF FEMALE,16,1,4,3,1063
FROSTALF FEMALE,16,1,5,0,1072
FROSTALF FEMALE,16,1,5,1,1071
FROSTALF FEMALE,16,1,5,2,1073
FROSTALF FEMALE,16,1,5,3,1063
FROSTALF FEMALE,16,1,6,0,1072
FROSTALF FEMALE,16,1,6,1,1063
FROSTALF FEMALE,16,1,6,2,1065
FROSTALF FEMALE,16,1,6,3,1065
SHAR MALE,17,0,0,0,1079
SHAR MALE,17,0,0,1,1086
SHAR MALE,17,0,0,2,1077
SHAR MALE,17,0,0,3,1084
SHAR MALE,17,0,0,4,1081
SHAR MALE,17,0,1,0,1079
SHAR MALE,17,0,1,1,1086
SHAR MALE,17,0,1,2,1077
SHAR MALE,17,0,1,3,1084
SHAR MALE,17,0,1,4,1082
SHAR MALE,17,0,2,0,1079
SHAR MALE,17,0,2,1,1086
SHAR MALE,17,0,2,2,1077
SHAR MALE,17,0,2,3,1084
SHAR MALE,17,0,2,4,1077
SHAR MALE,17,0,3,0,1079
SHAR MALE,17,0,3,1,1086
SHAR MALE,17,0,3,2,1077
SHAR MALE,17,0,3,3,1084
SHAR MALE,17,0,3,4,1078
SHAR MALE,17,0,4,0,1079
SHAR MALE,17,0,4,1,1086
SHAR MALE,17,0,4,2,1077
SHAR MALE,17,0,4,3,1084
SHAR MALE,17,0,4,4,1082
SHAR MALE,17,0,5,0,1079
SHAR MALE,17,0,5,1,1086
SHAR MALE,17,0,5,2,1077
SHAR MALE,17,0,5,3,1084
SHAR MALE,17,0,5,4,1085
SHAR MALE,17,0,6,0,1079
SHAR MALE,17,0,6,1,1086
SHAR MALE,17,0,6,2,1077
SHAR MALE,17,0,6,3,1084
SHAR MALE,17,0,6,4,1085
SHAR FEMALE,17,1,0,0,1096
SHAR FEMALE,17,1,0,1,1089
SHAR FEMALE,17,1,0,2,1087
SHAR FEMALE,17,1,0,3,1095
SHAR FEMALE,17,1,1,0,1096
SHAR FEMALE,17,1,1,1,1089
SHAR FEMALE,17,1,1,2,1087
SHAR FEMALE,17,1,1,3,1095
SHAR FEMALE,17,1,2,0,1096
SHAR FEMALE,17,1,2,1,1089
SHAR FEMALE,17,1,2,2,1087
SHAR FEMALE,17,1,2,3,1095
SHAR FEMALE,17,1,3,0,1096
SHAR FEMALE,17,1,3,1,1089
SHAR FEMALE,17,1,3,2,1087
SHAR FEMALE,17,1,3,3,1095
SHAR FEMALE,17,1,4,0,1096
SHAR FEMALE,17,1,4,1,1089
SHAR FEMALE,17,1,4,2,1087
SHAR FEMALE,17,1,4,3,1095
SHAR FEMALE,17,1,5,0,1096
SHAR FEMALE,17,1,5,1,1089
SHAR FEMALE,17,1,5,2,1087
SHAR FEMALE,17,1,5,3,1095
SHAR FEMALE,17,1,6,0,1096
SHAR FEMALE,17,1,6,1,1089
SHAR FEMALE,17,1,6,2,1087
SHAR FEMALE,17,1,6,3,1095
