ID,Text,Part,Expansion,Test,Archive,Double
Num,Desc,Filename,Min,Status,,Sided
1,Briton Male Head,bri_m_Head01,4,1,7,
2,Briton Male Cloak,Cloak01_bri_m,4,1,10,
3,Briton Male Cloak,Cloak02_bri_m,4,1,12,
4,Briton Male Cloak,Cloak03_bri_m,4,1,10,
5,Briton Male Hair,bri_m_Hair01,4,1,15,1
6,Briton Male Hair,bri_m_Hair02,4,1,15,1
7,Briton Male Hair,bri_m_Hair03,4,1,15,1
8,Briton Male Hair,bri_m_Hair04,4,1,7,1
9,Briton Female Head,bri_f_Head01,4,1,15,
10,Briton Female Cloak,Cloak01_bri_f,4,1,10,
11,Briton Female Cloak,Cloak02_bri_f,4,1,12,
12,Briton Female Cloak,Cloak03_bri_f,4,1,10,
13,Briton Female Hair,bri_f_Hair01,4,1,10,0
14,Briton Female Hair,bri_f_Hair02,4,1,10,1
15,Briton Female Hair,bri_f_Hair03,4,1,10,1
16,Briton Female Hair,bri_f_Hair04,4,1,10,1
17,Saracen Male Head,sar_m_Head01,4,1,7,
18,Saracen Male Cloak,Cloak01_sar_m,4,1,10,
19,Saracen Male Cloak,Cloak02_sar_m,4,1,12,
20,Saracen Male Cloak,Cloak03_sar_m,4,1,10,
21,Saracen Male Hair,sar_m_Hair01,4,1,15,1
22,Saracen Male Hair,sar_m_Hair02,4,1,15,1
23,Saracen Male Hair,sar_m_Hair03,4,1,15,1
24,Saracen Male Hair,sar_m_Hair04,4,1,15,1
25,Saracen Female Head,sar_f_Head01,4,1,15,
26,Saracen Female Cloak,Cloak01_sar_f,4,1,10,
27,Saracen Female Cloak,Cloak02_sar_f,4,1,12,
28,Saracen Female Cloak,Cloak03_sar_f,4,1,10,
29,Saracen Female Hair,sar_f_Hair01,4,1,7,1
30,Saracen Female Hair,sar_f_Hair02,4,1,7,1
31,Saracen Female Hair,sar_f_Hair03,4,1,10,1
32,Saracen Female Hair,sar_f_Hair04,4,1,10,1
33,Frostalf Male Head,fro_m_Head01,4,1,8,
34,Frostalf Male Cloak,Cloak01_fro_m,4,1,10,
35,Frostalf Male Cloak,Cloak02_fro_m,4,1,12,
36,Frostalf Male Cloak,Cloak03_fro_m,4,1,10,
37,Frostalf Male Hair,fro_m_Hair01,4,1,15,1
38,Frostalf Male Hair,fro_m_Hair02,4,1,15,1
39,Frostalf Male Hair,fro_m_Hair03,4,1,10,0
40,Frostalf Male Hair,fro_m_hair07,4,1,11,1
41,Frostalf Female Head,fro_f_Head01,4,1,15,
42,Frostalf Female Cloak,Cloak01_fro_f,4,1,10,
43,Frostalf Female Cloak,Cloak02_fro_f,4,1,12,
44,Frostalf Female Cloak,Cloak03_fro_f,4,1,10,
45,Frostalf Female Hair,fro_f_Hair01,4,1,9,1
46,Frostalf Female Hair,fro_f_Hair02,4,1,10,1
47,Frostalf Female Hair,fro_f_Hair03,4,1,9,1
48,Frostalf Female Hair,fro_f_Hair04,4,1,10,1
49,Shar Male Head,sha_m_Head01,4,1,8,
50,Shar Male Cloak,Cloak01_sha_m,4,1,10,
51,Shar Male Cloak,Cloak02_sha_m,4,1,12,
52,Shar Male Cloak,Cloak03_sha_m,4,1,10,
53,Shar Male Hair,sha_m_Hair01,4,1,15,1
54,Shar Male Hair,sha_m_Hair02,4,1,15,1
55,Shar Male Hair,sha_m_Hair03,4,1,10,1
56,Shar Male Hair,sha_m_Hair04,4,1,15,1
57,Shar Female Head,sha_f_Head01,4,1,8,
58,Shar Female Cloak,Cloak01_sha_f,4,1,10,
59,Shar Female Cloak,Cloak02_sha_f,4,1,12,
60,Shar Female Cloak,Cloak03_sha_f,4,1,10,
61,Shar Female Hair,sha_f_Hair01,4,1,8,1
62,Shar Female Hair,sha_f_Hair02,4,1,8,1
63,Shar Female Hair,sha_f_Hair03,4,1,8,1
64,Shar Female Hair,sha_f_Hair04,4,1,9,1
65,Avalonian Male Head,ava_m_Head01,4,1,7,
66,Avalonian Male Cloak,Cloak01_ava_m,4,1,10,
67,Avalonian Male Cloak,Cloak02_ava_m,4,1,12,
68,Avalonian Male Cloak,Cloak03_ava_m,4,1,10,
69,Avalonian Male Hair,ava_m_Hair01,4,1,15,1
70,Avalonian Male Hair,ava_m_Hair02,4,1,15,0
71,Avalonian Male Hair,ava_m_Hair03,4,1,15,1
72,Avalonian Male Hair,ava_m_Hair04,4,1,15,1
73,Avalonian Female Head,ava_f_Head01,4,1,7,
74,Avalonian Female Cloak,Cloak01_ava_f,4,1,10,
75,Avalonian Female Cloak,Cloak02_ava_f,4,1,12,
76,Avalonian Female Cloak,Cloak03_ava_f,4,1,10,
77,Avalonian Female Hair,ava_f_Hair01,4,1,7,1
78,Avalonian Female Hair,ava_f_Hair02,4,1,7,1
79,Avalonian Female Hair,ava_f_Hair03,4,1,7,1
80,Avalonian Female Hair,ava_f_Hair04,4,1,9,1
81,Elf Male Head,elf_m_Head01,4,1,10,
82,Elf Male Cloak,Cloak01_elf_m,4,1,10,
83,Elf Male Cloak,Cloak02_elf_m,4,1,12,
84,Elf Male Cloak,Cloak03_elf_m,4,1,10,
85,Elf Male Hair,elf_m_Hair01,4,1,8,1
86,Elf Male Hair,elf_m_Hair02,4,1,8,1
87,Elf Male Hair,elf_m_Hair03,4,1,9,1
88,Elf Male Hair,elf_m_Hair04,4,1,10,1
89,Elf Female Head,elf_f_Head01,4,1,8,
90,Elf Female Cloak,Cloak01_elf_f,4,1,10,
91,Elf Female Cloak,Cloak02_elf_f,4,1,12,
92,Elf Female Cloak,Cloak03_elf_f,4,1,10,
93,Elf Female Hair,elf_f_Hair01,4,1,15,1
94,Elf Female Hair,elf_f_Hair02,4,1,15,1
95,Elf Female Hair,elf_f_Hair03,4,1,9,1
96,Elf Female Hair,elf_f_Hair04,4,1,15,1
97,Highlander Male Head,hig_m_Head01,4,1,10,
98,Highlander Male LBody,LBody01_hig_m,4,1,4,
99,Highlander Male Cloak,Cloak01_hig_m,4,1,15,
100,Highlander Male Cloak,Cloak02_hig_m,4,1,15,
101,Highlander Male Cloak,Cloak03_hig_m,4,1,15,
102,Highlander Male Hair,hig_m_Hair01,4,1,15,1
103,Highlander Male Hair,hig_m_Hair02,4,1,10,1
104,Highlander Male Hair,hig_m_Hair03,4,1,14,1
105,Highlander Male Hair,hig_m_Hair04,4,1,15,1
106,Highlander Female Head,hig_f_Head01,4,1,7,
107,Highlander Female LBody,LBody01_hig_f,4,1,4,
108,Highlander Female Cloak,Cloak01_hig_f,4,1,10,
109,Highlander Female Cloak,Cloak02_hig_f,4,1,12,
110,Highlander Female Cloak,Cloak03_hig_f,4,1,10,
111,Highlander Female Hair,hig_f_Hair01,4,1,10,1
112,Highlander Female Hair,hig_f_Hair02,4,1,9,1
113,Highlander Female Hair,hig_f_Hair03,4,1,9,1
114,Highlander Female Hair,hig_f_Hair04,4,1,10,1
115,Norse Male Head,nor_m_Head01,4,1,10,
116,Norse Male Cloak,Cloak01_nor_m,4,1,10,
117,Norse Male Cloak,Cloak02_nor_m,4,1,12,
118,Norse Male Cloak,Cloak03_nor_m,4,1,10,
119,Norse Male Hair,nor_m_Hair01,4,1,16,1
120,Norse Male Hair,nor_m_Hair02,4,1,15,1
121,Norse Male Hair,nor_m_Hair03,4,1,15,1
122,Norse Male Hair,nor_m_Hair04,4,1,15,1
123,Norse Female Head,nor_f_Head01,4,1,16,
124,Norse Female Cloak,Cloak01_nor_f,4,1,10,
125,Norse Female Cloak,Cloak02_nor_f,4,1,12,
126,Norse Female Cloak,Cloak03_nor_f,4,1,10,
127,Norse Female Hair,nor_f_Hair01,4,1,9,1
128,Norse Female Hair,nor_f_Hair02,4,1,9,1
129,Norse Female Hair,nor_f_Hair03,4,1,9,1
130,Norse Female Hair,nor_f_Hair04,4,1,9,1
131,Lurikeen Male Head,lur_m_Head01,4,1,8,
132,Lurikeen Male Cloak,Cloak01_lur_m,4,1,10,
133,Lurikeen Male Cloak,Cloak02_lur_m,4,1,12,
134,Lurikeen Male Cloak,Cloak03_lur_m,4,1,10,
135,Lurikeen Male Hair,lur_m_Hair01,4,1,15,
136,Lurikeen Male Hair,lur_m_Hair02,4,1,15,1
137,Lurikeen Male Hair,lur_m_Hair03,4,1,15,1
138,Lurikeen Male Hair,lur_m_Hair04,4,1,15,1
139,Lurikeen Female Head,lur_f_Head01,4,1,8,
140,Lurikeen Female Cloak,Cloak01_lur_f,4,1,10,
141,Lurikeen Female Cloak,Cloak02_lur_f,4,1,12,
142,Lurikeen Female Cloak,Cloak03_lur_f,4,1,10,
143,Lurikeen Female Hair,lur_f_Hair01,4,1,9,0
144,Lurikeen Female Hair,lur_f_Hair02,4,1,10,1
145,Lurikeen Female Hair,lur_f_Hair03,4,1,15,1
146,Lurikeen Female Hair,lur_f_Hair04,4,1,15,1
147,Kobold Male Head,kob_m_Head01,4,1,15,
148,Kobold Male Cloak,Cloak01_kob_m,4,1,10,
149,Kobold Male Cloak,Cloak02_kob_m,4,1,12,
150,Kobold Male Cloak,Cloak03_kob_m,4,1,10,
151,Kobold Male Hair,kob_m_Hair01,4,1,15,1
152,Kobold Male Hair,kob_m_Hair02,4,1,15,1
153,Kobold Male Hair,kob_m_Hair03,4,1,9,1
154,Kobold Male Hair,kob_m_Hair04,4,1,15,1
155,Kobold Female Head,kob_f_Head01,4,1,15,
156,Kobold Female Cloak,Cloak01_kob_f,4,1,10,
157,Kobold Female Cloak,Cloak02_kob_f,4,1,12,
158,Kobold Female Cloak,Cloak03_kob_f,4,1,10,
159,Kobold Female Hair,kob_f_Hair01,4,1,8,1
160,Kobold Female Hair,kob_f_Hair02,4,1,10,1
161,Kobold Female Hair,kob_f_Hair03,4,1,8,1
162,Kobold Female Hair,kob_f_Hair04,4,1,9,1
163,Dwarf Male Head,dwa_m_Head01,4,1,15,
164,Dwarf Male Cloak,Cloak01_dwa_m,4,1,10,
165,Dwarf Male Cloak,Cloak02_dwa_m,4,1,12,
166,Dwarf Male Cloak,Cloak03_dwa_m,4,1,10,
167,Dwarf Male Hair,dwa_m_Hair01,4,1,15,1
168,Dwarf Male Hair,dwa_m_Hair02,4,1,15,1
169,Dwarf Male Hair,dwa_m_Hair03,4,1,16,1
170,Dwarf Male Hair,dwa_m_Hair04,4,1,16,1
171,Dwarf Female Head,dwa_f_Head01,4,1,8,
172,Dwarf Female Cloak,Cloak01_dwa_f,4,1,10,
173,Dwarf Female Cloak,Cloak02_dwa_f,4,1,12,
174,Dwarf Female Cloak,Cloak03_dwa_f,4,1,10,
175,Dwarf Female Hair,dwa_f_Hair01,4,1,10,1
176,Dwarf Female Hair,dwa_f_Hair02,4,1,9,1
177,Dwarf Female Hair,dwa_f_Hair03,4,1,8,1
178,Dwarf Female Hair,dwa_f_Hair04,4,1,8,1
179,Inconnu Male Head,inc_m_Head01,4,1,7,
180,Inconnu Male Cloak,Cloak01_inc_m,4,1,10,
181,Inconnu Male Cloak,Cloak02_inc_m,4,1,12,
182,Inconnu Male Cloak,Cloak03_inc_m,4,1,10,
183,Inconnu Male Hair,inc_m_Hair01,4,1,9,1
184,Inconnu Male Hair,inc_m_Hair02,4,1,7,1
185,Inconnu Male Hair,inc_m_Hair03,4,1,15,1
186,Inconnu Male Hair,inc_m_Hair04,4,1,15,1
187,Inconnu Female Head,inc_f_Head01,4,1,10,
188,Inconnu Female Cloak,Cloak01_inc_f,4,1,10,
189,Inconnu Female Cloak,Cloak02_inc_f,4,1,12,
190,Inconnu Female Cloak,Cloak03_inc_f,4,1,10,
191,Inconnu Female Hair,inc_f_Hair01,4,1,9,1
192,Inconnu Female Hair,inc_f_Hair02,4,1,9,1
193,Inconnu Female Hair,inc_f_Hair03,4,1,15,1
194,Inconnu Female Hair,inc_f_Hair04,4,1,9,1
195,Half Ogre Male Head,hal_m_Head01,4,1,7,
196,Half Ogre Male Cloak,Cloak01_hal_m,4,1,10,
197,Half Ogre Male Cloak,Cloak02_hal_m,4,1,12,
198,Half Ogre Male Cloak,Cloak03_hal_m,4,1,10,
199,Half Ogre Male Hair,hal_m_Hair01,4,1,15,1
200,Half Ogre Male Hair,hal_m_Hair02,4,1,15,1
201,Half Ogre Male Hair,hal_m_Hair03,4,1,15,1
202,Half Ogre Male Hair,hal_m_Hair04,4,1,7,1
203,Half Ogre Female Head,hal_f_Head01,4,1,15,
204,Half Ogre Female Cloak,Cloak01_hal_f,4,1,10,
205,Half Ogre Female Cloak,Cloak02_hal_f,4,1,12,
206,Half Ogre Female Cloak,Cloak03_hal_f,4,1,10,
207,Half Ogre Female Hair,hal_f_Hair01,4,1,7,1
208,Half Ogre Female Hair,hal_f_Hair02,4,1,10,1
209,Half Ogre Female Hair,hal_f_Hair03,4,1,9,0
210,Half Ogre Female Hair,hal_f_Hair04,4,1,10,1
211,Valkyn Male Head,val_m_Head01,4,1,8,
212,Valkyn Male Cloak,Cloak01_val_m,4,1,10,
213,Valkyn Male Cloak,Cloak02_val_m,4,1,10,
214,Valkyn Male Cloak,Cloak03_val_m,4,1,10,
215,Valkyn Male Hair,val_m_Hair01,4,1,15,1
216,Valkyn Male Hair,val_m_Hair02,4,1,15,1
217,Valkyn Male Hair,val_m_Hair03,4,1,15,1
218,Valkyn Male Hair,val_m_Hair04,4,1,9,1
219,Valkyn Female Head,val_f_Head01,4,1,15,
220,Valkyn Female Cloak,Cloak01_val_f,4,1,10,
221,Valkyn Female Cloak,Cloak02_val_f,4,1,12,
222,Valkyn Female Cloak,Cloak03_val_f,4,1,10,
223,Valkyn Female Hair,val_f_Hair01,4,1,9,1
224,Valkyn Female Hair,val_f_Hair02,4,1,8,1
225,Valkyn Female Hair,val_f_Hair03,4,1,14,0
226,Valkyn Female Hair,val_f_Hair04,4,1,10,1
227,Firbolg Male Head,fir_m_Head01,4,1,12,
228,Firbolg Male Cloak,Cloak01_fir_m,4,1,10,
229,Firbolg Male Cloak,Cloak02_fir_m,4,1,12,
230,Firbolg Male Cloak,Cloak03_fir_m,4,1,10,
231,Firbolg Male Hair,fir_m_Hair01,4,1,15,1
232,Firbolg Male Hair,fir_m_Hair02,4,1,15,1
233,Firbolg Male Hair,fir_m_Hair03,4,1,8,0
234,Firbolg Male Hair,fir_m_Hair04,4,1,15,1
235,Firbolg Female Head,fir_f_Head01,4,1,8,
236,Firbolg Female Cloak,Cloak01_fir_f,4,1,10,
237,Firbolg Female Cloak,Cloak02_fir_f,4,1,12,
238,Firbolg Female Cloak,Cloak03_fir_f,4,1,11,
239,Firbolg Female Hair,fir_f_Hair01,4,1,9,0
240,Firbolg Female Hair,fir_f_Hair02,4,1,9,1
241,Firbolg Female Hair,fir_f_Hair03,4,1,10,0
242,Firbolg Female Hair,fir_f_Hair04,4,1,9,0
243,Troll Male Head,tro_m_Head01,4,1,9,
244,Troll Male Cloak,Cloak01_tro_m,4,1,10,
245,Troll Male Cloak,Cloak02_tro_m,4,1,12,
246,Troll Male Cloak,Cloak03_tro_m,4,1,10,
251,Troll Female Head,tro_f_Head01,4,1,9,1
252,Troll Female Cloak,Cloak01_tro_f,4,1,10,1
253,Troll Female Cloak,Cloak02_tro_f,4,1,10,1
254,Troll Female Cloak,Cloak03_tro_f,4,1,10,1
260,Celt Male Cloak,Cloak01_cel_m,4,1,12,
261,Celt Male Cloak,Cloak02_cel_m,4,1,12,
262,Celt Male Cloak,Cloak03_cel_m,4,1,12,
263,Celt Male Hair,cel_m_Hair01,4,1,14,1
264,Celt Male Hair,cel_m_Hair02,4,1,15,1
265,Celt Male Hair,cel_m_Hair03,4,1,15,1
266,Celt Male Hair,cel_m_Hair04,4,1,15,0
268,Celt Female Cloak,Cloak01_cel_f,4,1,12,
269,Celt Female Cloak,Cloak02_cel_f,4,1,12,
270,Celt Female Cloak,Cloak03_cel_f,4,1,12,
271,Celt Female Hair,cel_f_Hair01,4,1,9,1
272,Celt Female Hair,cel_f_Hair02,4,1,9,0
273,Celt Female Hair,cel_f_Hair03,4,1,11,1
274,Celt Female Hair,cel_f_Hair04,4,1,9,1
275,Sylvan Male Head,syl_m_Head01,4,1,8,
276,Sylvan Male Cloak,Cloak01_syl_m,4,1,14,
277,Sylvan Male Cloak,Cloak02_syl_m,4,1,14,
278,Sylvan Male Cloak,Cloak03_syl_m,4,1,10,
279,Sylvan Male Hair,syl_m_Hair01,4,1,8,1
280,Sylvan Male Hair,syl_m_Hair02,4,1,15,1
281,Sylvan Male Hair,syl_m_Hair03,4,1,15,1
282,Sylvan Male Hair,syl_m_Hair04,4,1,15,1
283,Sylvan Female Head,syl_f_Head01,4,1,8,
284,Sylvan Female Cloak,Cloak01_syl_f,4,1,10,
285,Sylvan Female Cloak,Cloak02_syl_f,4,1,12,
286,Sylvan Female Cloak,Cloak03_syl_f,4,1,10,
287,Sylvan Female Hair,syl_f_Hair01,4,1,15,1
288,Sylvan Female Hair,syl_f_Hair02,4,1,9,1
289,Sylvan Female Hair,syl_f_Hair03,4,1,9,1
290,Sylvan Female Hair,syl_f_Hair04,4,1,15,1
291,BritCelt Male Body,Body01_BC_m,4,1,2,
292,BritCelt Male Body,Body02_BC_m,4,1,2,
293,BritCelt Male Body,Body03_BC_m,4,1,2,
294,BritCelt Male Body,Body04_BC_m,4,1,2,
295,BritCelt Male Body,Body05_BC_m,4,1,3,
296,BritCelt Male Body,Body06_BC_m,4,1,3,
297,BritCelt Male Body,Body07_BC_m,4,1,3,
298,BritCelt Male Body,Body08_BC_m,4,1,3,
299,BritCelt Male Legs,Legs01_BC_m,4,1,4,
300,BritCelt Male Boots,Boots01_BC_m,4,1,1,
301,BritCelt Male Boots,Boots02_BC_m,4,1,1,
302,BritCelt Male Boots,Boots03_BC_m,4,1,1,
303,BritCelt Male Boots,Boots04_BC_m,4,1,1,
304,BritCelt Male Boots,Boots05_BC_m,4,1,1,
305,BritCelt Male Boots,Boots06_BC_m,4,1,1,
306,BritCelt Male Arms,Arms01_BC_m,4,1,1,
307,BritCelt Male Gloves,Gloves01_BC_m,4,1,5,
308,BritCelt Male Gloves,Gloves02_BC_m,4,1,5,
309,BritCelt Male Gloves,Gloves03_BC_m,4,1,5,
310,BritCelt Male Gloves,Gloves04_BC_m,4,1,5,
311,BritCelt Male Gloves,Gloves05_BC_m,4,1,6,
312,BritCelt Male Gloves,Gloves06_BC_m,4,1,6,
313,BritCelt Female Body,Body01_BC_f,4,1,2,
314,BritCelt Female Body,Body02_BC_f,4,1,2,
315,BritCelt Female Body,Body03_BC_f,4,1,2,
316,BritCelt Female Body,Body04_BC_f,4,1,2,
317,BritCelt Female Body,Body05_BC_f,4,1,3,
318,BritCelt Female Body,Body06_BC_f,4,1,3,
319,BritCelt Female Body,Body07_BC_f,4,1,3,
320,BritCelt Female Body,Body08_BC_f,4,1,3,
321,BritCelt Female Legs,Legs01_BC_f,4,1,4,
322,BritCelt Female Boots,Boots01_BC_f,4,1,1,
323,BritCelt Female Boots,Boots02_BC_f,4,1,1,
324,BritCelt Female Boots,Boots03_BC_f,4,1,1,
325,BritCelt Female Boots,Boots04_BC_f,4,1,1,
326,BritCelt Female Boots,Boots05_BC_f,4,1,1,
327,BritCelt Female Boots,Boots06_BC_f,4,1,1,
328,BritCelt Female Arms,Arms01_BC_f,4,1,1,
329,BritCelt Female Gloves,Gloves01_BC_f,4,1,5,
330,BritCelt Female Gloves,Gloves02_BC_f,4,1,5,
331,BritCelt Female Gloves,Gloves03_BC_f,4,1,5,
332,BritCelt Female Gloves,Gloves04_BC_f,4,1,5,
333,BritCelt Female Gloves,Gloves05_BC_f,4,1,6,
334,BritCelt Female Gloves,Gloves06_BC_f,4,1,6,
335,Saracen/Frostalf/Shar Male Body,Body01_SFS_m,4,1,2,
336,Saracen/Frostalf/Shar Male Body,Body02_SFS_m,4,1,2,
337,Saracen/Frostalf/Shar Male Body,Body03_SFS_m,4,1,2,
338,Saracen/Frostalf/Shar Male Body,Body04_SFS_m,4,1,2,
339,Saracen/Frostalf/Shar Male Body,Body05_SFS_m,4,1,3,
340,Saracen/Frostalf/Shar Male Body,Body06_SFS_m,4,1,3,
341,Saracen/Frostalf/Shar Male Body,Body07_SFS_m,4,1,3,
342,Saracen/Frostalf/Shar Male Body,Body08_SFS_m,4,1,3,
343,Saracen/Frostalf/Shar Male Legs,Legs01_SFS_m,4,1,4,
344,Saracen/Frostalf/Shar Male Boots,Boots01_SFS_m,4,1,1,
345,Saracen/Frostalf/Shar Male Boots,Boots02_SFS_m,4,1,1,
346,Saracen/Frostalf/Shar Male Boots,Boots03_SFS_m,4,1,1,
347,Saracen/Frostalf/Shar Male Boots,Boots04_SFS_m,4,1,1,
348,Saracen/Frostalf/Shar Male Boots,Boots05_SFS_m,4,1,1,
349,Saracen/Frostalf/Shar Male Boots,Boots06_SFS_m,4,1,1,
350,Saracen/Frostalf/Shar Male Arms,Arms01_SFS_m,4,1,1,
351,Saracen/Frostalf/Shar Male Gloves,Gloves01_SFS_m,4,1,5,
352,Saracen/Frostalf/Shar Male Gloves,Gloves02_SFS_m,4,1,5,
353,Saracen/Frostalf/Shar Male Gloves,Gloves03_SFS_m,4,1,5,
354,Saracen/Frostalf/Shar Male Gloves,Gloves04_SFS_m,4,1,5,
355,Saracen/Frostalf/Shar Male Gloves,Gloves05_SFS_m,4,1,6,
356,Saracen/Frostalf/Shar Male Gloves,Gloves06_SFS_m,4,1,6,
357,Saracen/Frostalf/Shar Female Body,Body01_SFS_f,4,1,2,
358,Saracen/Frostalf/Shar Female Body,Body02_SFS_f,4,1,2,
359,Saracen/Frostalf/Shar Female Body,Body03_SFS_f,4,1,2,
360,Saracen/Frostalf/Shar Female Body,Body04_SFS_f,4,1,2,
361,Saracen/Frostalf/Shar Female Body,Body05_SFS_f,4,1,3,
362,Saracen/Frostalf/Shar Female Body,Body06_SFS_f,4,1,3,
363,Saracen/Frostalf/Shar Female Body,Body07_SFS_f,4,1,3,
364,Saracen/Frostalf/Shar Female Body,Body08_SFS_f,4,1,3,
365,Saracen/Frostalf/Shar Female Legs,Legs01_SFS_f,4,1,4,
366,Saracen/Frostalf/Shar Female Boots,Boots01_SFS_f,4,1,1,
367,Saracen/Frostalf/Shar Female Boots,Boots02_SFS_f,4,1,1,
368,Saracen/Frostalf/Shar Female Boots,Boots03_SFS_f,4,1,1,
369,Saracen/Frostalf/Shar Female Boots,Boots04_SFS_f,4,1,1,
370,Saracen/Frostalf/Shar Female Boots,Boots05_SFS_f,4,1,1,
371,Saracen/Frostalf/Shar Female Boots,Boots06_SFS_f,4,1,1,
372,Saracen/Frostalf/Shar Female Arms,Arms01_SFS_f,4,1,1,
373,Saracen/Frostalf/Shar Female Gloves,Gloves01_SFS_f,4,1,5,
374,Saracen/Frostalf/Shar Female Gloves,Gloves02_SFS_f,4,1,5,
375,Saracen/Frostalf/Shar Female Gloves,Gloves03_SFS_f,4,1,5,
376,Saracen/Frostalf/Shar Female Gloves,Gloves04_SFS_f,4,1,5,
377,Saracen/Frostalf/Shar Female Gloves,Gloves05_SFS_f,4,1,6,
378,Saracen/Frostalf/Shar Female Gloves,Gloves06_SFS_f,4,1,6,
379,Saracen/Frostalf/Shar Male Body,Body01_SFS_m,4,1,2,
380,Saracen/Frostalf/Shar Male Body,Body02_SFS_m,4,1,2,
381,Saracen/Frostalf/Shar Male Body,Body03_SFS_m,4,1,2,
382,Saracen/Frostalf/Shar Male Body,Body04_SFS_m,4,1,2,
383,Saracen/Frostalf/Shar Male Body,Body05_SFS_m,4,1,3,
384,Saracen/Frostalf/Shar Male Body,Body06_SFS_m,4,1,3,
385,Saracen/Frostalf/Shar Male Body,Body07_SFS_m,4,1,3,
386,Saracen/Frostalf/Shar Male Body,Body08_SFS_m,4,1,3,
387,Saracen/Frostalf/Shar Male Legs,Legs01_SFS_m,4,1,4,
388,Saracen/Frostalf/Shar Male Boots,Boots01_SFS_m,4,1,1,
389,Saracen/Frostalf/Shar Male Boots,Boots02_SFS_m,4,1,1,
390,Saracen/Frostalf/Shar Male Boots,Boots03_SFS_m,4,1,1,
391,Saracen/Frostalf/Shar Male Boots,Boots04_SFS_m,4,1,1,
392,Saracen/Frostalf/Shar Male Boots,Boots05_SFS_m,4,1,1,
393,Saracen/Frostalf/Shar Male Boots,Boots06_SFS_m,4,1,1,
394,Saracen/Frostalf/Shar Male Arms,Arms01_SFS_m,4,1,1,
395,Saracen/Frostalf/Shar Male Gloves,Gloves01_SFS_m,4,1,5,
396,Saracen/Frostalf/Shar Male Gloves,Gloves02_SFS_m,4,1,5,
397,Saracen/Frostalf/Shar Male Gloves,Gloves03_SFS_m,4,1,5,
398,Saracen/Frostalf/Shar Male Gloves,Gloves04_SFS_m,4,1,5,
399,Saracen/Frostalf/Shar Male Gloves,Gloves05_SFS_m,4,1,6,
400,Saracen/Frostalf/Shar Male Gloves,Gloves06_SFS_m,4,1,6,
401,Saracen/Frostalf/Shar Female Body,Body01_SFS_f,4,1,2,
402,Saracen/Frostalf/Shar Female Body,Body02_SFS_f,4,1,2,
403,Saracen/Frostalf/Shar Female Body,Body03_SFS_f,4,1,2,
404,Saracen/Frostalf/Shar Female Body,Body04_SFS_f,4,1,2,
405,Saracen/Frostalf/Shar Female Body,Body05_SFS_f,4,1,3,
406,Saracen/Frostalf/Shar Female Body,Body06_SFS_f,4,1,3,
407,Saracen/Frostalf/Shar Female Body,Body07_SFS_f,4,1,3,
408,Saracen/Frostalf/Shar Female Body,Body08_SFS_f,4,1,3,
409,Saracen/Frostalf/Shar Female Legs,Legs01_SFS_f,4,1,4,
410,Saracen/Frostalf/Shar Female Boots,Boots01_SFS_f,4,1,1,
411,Saracen/Frostalf/Shar Female Boots,Boots02_SFS_f,4,1,1,
412,Saracen/Frostalf/Shar Female Boots,Boots03_SFS_f,4,1,1,
413,Saracen/Frostalf/Shar Female Boots,Boots04_SFS_f,4,1,1,
414,Saracen/Frostalf/Shar Female Boots,Boots05_SFS_f,4,1,1,
415,Saracen/Frostalf/Shar Female Boots,Boots06_SFS_f,4,1,1,
416,Saracen/Frostalf/Shar Female Arms,Arms01_SFS_f,4,1,1,
417,Saracen/Frostalf/Shar Female Gloves,Gloves01_SFS_f,4,1,5,
418,Saracen/Frostalf/Shar Female Gloves,Gloves02_SFS_f,4,1,5,
419,Saracen/Frostalf/Shar Female Gloves,Gloves03_SFS_f,4,1,5,
420,Saracen/Frostalf/Shar Female Gloves,Gloves04_SFS_f,4,1,5,
421,Saracen/Frostalf/Shar Female Gloves,Gloves05_SFS_f,4,1,6,
422,Saracen/Frostalf/Shar Female Gloves,Gloves06_SFS_f,4,1,6,
423,Saracen/Frostalf/Shar Male Body,Body01_SFS_m,4,1,2,
424,Saracen/Frostalf/Shar Male Body,Body02_SFS_m,4,1,2,
425,Saracen/Frostalf/Shar Male Body,Body03_SFS_m,4,1,2,
426,Saracen/Frostalf/Shar Male Body,Body04_SFS_m,4,1,2,
427,Saracen/Frostalf/Shar Male Body,Body05_SFS_m,4,1,3,
428,Saracen/Frostalf/Shar Male Body,Body06_SFS_m,4,1,3,
429,Saracen/Frostalf/Shar Male Body,Body07_SFS_m,4,1,3,
430,Saracen/Frostalf/Shar Male Body,Body08_SFS_m,4,1,3,
431,Saracen/Frostalf/Shar Male Legs,Legs01_SFS_m,4,1,4,
432,Saracen/Frostalf/Shar Male Boots,Boots01_SFS_m,4,1,1,
433,Saracen/Frostalf/Shar Male Boots,Boots02_SFS_m,4,1,1,
434,Saracen/Frostalf/Shar Male Boots,Boots03_SFS_m,4,1,1,
435,Saracen/Frostalf/Shar Male Boots,Boots04_SFS_m,4,1,1,
436,Saracen/Frostalf/Shar Male Boots,Boots05_SFS_m,4,1,1,
437,Saracen/Frostalf/Shar Male Boots,Boots06_SFS_m,4,1,1,
438,Saracen/Frostalf/Shar Male Arms,Arms01_SFS_m,4,1,1,
439,Saracen/Frostalf/Shar Male Gloves,Gloves01_SFS_m,4,1,5,
440,Saracen/Frostalf/Shar Male Gloves,Gloves02_SFS_m,4,1,5,
441,Saracen/Frostalf/Shar Male Gloves,Gloves03_SFS_m,4,1,5,
442,Saracen/Frostalf/Shar Male Gloves,Gloves04_SFS_m,4,1,5,
443,Saracen/Frostalf/Shar Male Gloves,Gloves05_SFS_m,4,1,6,
444,Saracen/Frostalf/Shar Male Gloves,Gloves06_SFS_m,4,1,6,
445,Saracen/Frostalf/Shar Female Body,Body01_SFS_f,4,1,2,
446,Saracen/Frostalf/Shar Female Body,Body02_SFS_f,4,1,2,
447,Saracen/Frostalf/Shar Female Body,Body03_SFS_f,4,1,2,
448,Saracen/Frostalf/Shar Female Body,Body04_SFS_f,4,1,2,
449,Saracen/Frostalf/Shar Female Body,Body05_SFS_f,4,1,3,
450,Saracen/Frostalf/Shar Female Body,Body06_SFS_f,4,1,3,
451,Saracen/Frostalf/Shar Female Body,Body07_SFS_f,4,1,3,
452,Saracen/Frostalf/Shar Female Body,Body08_SFS_f,4,1,3,
453,Saracen/Frostalf/Shar Female Legs,Legs01_SFS_f,4,1,4,
454,Saracen/Frostalf/Shar Female Boots,Boots01_SFS_f,4,1,1,
455,Saracen/Frostalf/Shar Female Boots,Boots02_SFS_f,4,1,1,
456,Saracen/Frostalf/Shar Female Boots,Boots03_SFS_f,4,1,1,
457,Saracen/Frostalf/Shar Female Boots,Boots04_SFS_f,4,1,1,
458,Saracen/Frostalf/Shar Female Boots,Boots05_SFS_f,4,1,1,
459,Saracen/Frostalf/Shar Female Boots,Boots06_SFS_f,4,1,1,
460,Saracen/Frostalf/Shar Female Arms,Arms01_SFS_f,4,1,1,
461,Saracen/Frostalf/Shar Female Gloves,Gloves01_SFS_f,4,1,5,
462,Saracen/Frostalf/Shar Female Gloves,Gloves02_SFS_f,4,1,5,
463,Saracen/Frostalf/Shar Female Gloves,Gloves03_SFS_f,4,1,5,
464,Saracen/Frostalf/Shar Female Gloves,Gloves04_SFS_f,4,1,5,
465,Saracen/Frostalf/Shar Female Gloves,Gloves05_SFS_f,4,1,6,
466,Saracen/Frostalf/Shar Female Gloves,Gloves06_SFS_f,4,1,6,
467,Avalonian/Elf Male Body,Body01_AES_m,4,1,2,
468,Avalonian/Elf Male Body,Body02_AES_m,4,1,2,
469,Avalonian/Elf Male Body,Body03_AES_m,4,1,2,
470,Avalonian/Elf Male Body,Body04_AES_m,4,1,2,
471,Avalonian/Elf Male Body,Body05_AES_m,4,1,3,
472,Avalonian/Elf Male Body,Body06_AES_m,4,1,3,
473,Avalonian/Elf Male Body,Body07_AES_m,4,1,10,
475,Avalonian/Elf Male Legs,Legs01_AES_m,4,1,4,
476,Avalonian/Elf Male Boots,Boots01_AES_m,4,1,1,
477,Avalonian/Elf Male Boots,Boots02_AES_m,4,1,1,
478,Avalonian/Elf Male Boots,Boots03_AES_m,4,1,1,
479,Avalonian/Elf Male Boots,Boots04_AES_m,4,1,1,
480,Avalonian/Elf Male Boots,Boots05_AES_m,4,1,1,
481,Avalonian/Elf Male Boots,Boots06_AES_m,4,1,1,
482,Avalonian/Elf Male Arms,Arms01_AES_m,4,1,1,
483,Avalonian/Elf Male Gloves,Gloves01_AES_m,4,1,5,
484,Avalonian/Elf Male Gloves,Gloves02_AES_m,4,1,5,
485,Avalonian/Elf Male Gloves,Gloves03_AES_m,4,1,5,
486,Avalonian/Elf Male Gloves,Gloves04_AES_m,4,1,5,
487,Avalonian/Elf Male Gloves,Gloves05_AES_m,4,1,6,
488,Avalonian/Elf Male Gloves,Gloves06_AES_m,4,1,6,
489,Avalonian/Elf Female Body,Body01_AES_f,4,1,2,
490,Avalonian/Elf Female Body,Body02_AES_f,4,1,2,
491,Avalonian/Elf Female Body,Body03_AES_f,4,1,2,
492,Avalonian/Elf Female Body,Body04_AES_f,4,1,2,
493,Avalonian/Elf Female Body,Body05_AES_f,4,1,3,
494,Avalonian/Elf Female Body,Body06_AES_f,4,1,3,
495,Avalonian/Elf Female Body,Body07_AES_f,4,1,3,
496,Avalonian/Elf Female Body,Body08_AES_f,4,1,3,
497,Avalonian/Elf Female Legs,Legs01_AES_f,4,1,4,
498,Avalonian/Elf Female Boots,Boots01_AES_f,4,1,1,
499,Avalonian/Elf Female Boots,Boots02_AES_f,4,1,1,
500,Avalonian/Elf Female Boots,Boots03_AES_f,4,1,1,
501,Avalonian/Elf Female Boots,Boots04_AES_f,4,1,1,
502,Avalonian/Elf Female Boots,Boots05_AES_f,4,1,1,
503,Avalonian/Elf Female Boots,Boots06_AES_f,4,1,1,
504,Avalonian/Elf Female Arms,Arms01_AES_f,4,1,1,
505,Avalonian/Elf Female Gloves,Gloves01_AES_f,4,1,5,
506,Avalonian/Elf Female Gloves,Gloves02_AES_f,4,1,5,
507,Avalonian/Elf Female Gloves,Gloves03_AES_f,4,1,5,
508,Avalonian/Elf Female Gloves,Gloves04_AES_f,4,1,5,
509,Avalonian/Elf Female Gloves,Gloves05_AES_f,4,1,6,
510,Avalonian/Elf Female Gloves,Gloves06_AES_f,4,1,6,
511,Avalonian/Elf Male Body,Body01_AES_m,4,1,2,
512,Avalonian/Elf Male Body,Body02_AES_m,4,1,2,
513,Avalonian/Elf Male Body,Body03_AES_m,4,1,2,
514,Avalonian/Elf Male Body,Body04_AES_m,4,1,2,
515,Avalonian/Elf Male Body,Body05_AES_m,4,1,3,
516,Avalonian/Elf Male Body,Body06_AES_m,4,1,3,
517,Avalonian/Elf Male Body,Body07_AES_m,4,1,3,
519,Avalonian/Elf Male Legs,Legs01_AES_m,4,1,4,
520,Avalonian/Elf Male Boots,Boots01_AES_m,4,1,1,
521,Avalonian/Elf Male Boots,Boots02_AES_m,4,1,1,
522,Avalonian/Elf Male Boots,Boots03_AES_m,4,1,1,
523,Avalonian/Elf Male Boots,Boots04_AES_m,4,1,1,
524,Avalonian/Elf Male Boots,Boots05_AES_m,4,1,1,
525,Avalonian/Elf Male Boots,Boots06_AES_m,4,1,1,
526,Avalonian/Elf Male Arms,Arms01_AES_m,4,1,1,
527,Avalonian/Elf Male Gloves,Gloves01_AES_m,4,1,5,
528,Avalonian/Elf Male Gloves,Gloves02_AES_m,4,1,5,
529,Avalonian/Elf Male Gloves,Gloves03_AES_m,4,1,5,
530,Avalonian/Elf Male Gloves,Gloves04_AES_m,4,1,5,
531,Avalonian/Elf Male Gloves,Gloves05_AES_m,4,1,6,
532,Avalonian/Elf Male Gloves,Gloves06_AES_m,4,1,6,
533,Avalonian/Elf Female Body,Body01_AES_f,4,1,2,
534,Avalonian/Elf Female Body,Body02_AES_f,4,1,2,
535,Avalonian/Elf Female Body,Body03_AES_f,4,1,2,
536,Avalonian/Elf Female Body,Body04_AES_f,4,1,2,
537,Avalonian/Elf Female Body,Body05_AES_f,4,1,3,
538,Avalonian/Elf Female Body,Body06_AES_f,4,1,3,
539,Avalonian/Elf Female Body,Body07_AES_f,4,1,3,
540,Avalonian/Elf Female Body,Body08_AES_f,4,1,3,
541,Avalonian/Elf Female Legs,Legs01_AES_f,4,1,4,
542,Avalonian/Elf Female Boots,Boots01_AES_f,4,1,1,
543,Avalonian/Elf Female Boots,Boots02_AES_f,4,1,1,
544,Avalonian/Elf Female Boots,Boots03_AES_f,4,1,1,
545,Avalonian/Elf Female Boots,Boots04_AES_f,4,1,1,
546,Avalonian/Elf Female Boots,Boots05_AES_f,4,1,1,
547,Avalonian/Elf Female Boots,Boots06_AES_f,4,1,1,
548,Avalonian/Elf Female Arms,Arms01_AES_f,4,1,1,
549,Avalonian/Elf Female Gloves,Gloves01_AES_f,4,1,5,
550,Avalonian/Elf Female Gloves,Gloves02_AES_f,4,1,5,
551,Avalonian/Elf Female Gloves,Gloves03_AES_f,4,1,5,
552,Avalonian/Elf Female Gloves,Gloves04_AES_f,4,1,5,
553,Avalonian/Elf Female Gloves,Gloves05_AES_f,4,1,6,
554,Avalonian/Elf Female Gloves,Gloves06_AES_f,4,1,6,
555,Highlander/Norse Male Body,Body01_HN_m,4,1,2,
556,Highlander/Norse Male Body,Body02_HN_m,4,1,2,
557,Highlander/Norse Male Body,Body03_HN_m,4,1,2,
558,Highlander/Norse Male Body,Body04_HN_m,4,1,2,
559,Highlander/Norse Male Body,Body05_HN_m,4,1,3,
560,Highlander/Norse Male Body,Body06_HN_m,4,1,3,
561,Highlander/Norse Male Body,Body07_HN_m,4,1,3,
562,Highlander/Norse Male Body,Body08_HN_m,4,1,3,
563,Highlander/Norse Male Legs,Legs01_HN_m,4,1,4,
564,Highlander/Norse Male Boots,Boots01_HN_m,4,1,1,
565,Highlander/Norse Male Boots,Boots02_HN_m,4,1,1,
566,Highlander/Norse Male Boots,Boots03_HN_m,4,1,1,
567,Highlander/Norse Male Boots,Boots04_HN_m,4,1,1,
568,Highlander/Norse Male Boots,Boots05_HN_m,4,1,1,
569,Highlander/Norse Male Boots,Boots06_HN_m,4,1,1,
570,Highlander/Norse Male Arms,Arms01_HN_m,4,1,1,
571,Highlander/Norse Male Gloves,Gloves01_HN_m,4,1,5,
572,Highlander/Norse Male Gloves,Gloves02_HN_m,4,1,5,
573,Highlander/Norse Male Gloves,Gloves03_HN_m,4,1,5,
574,Highlander/Norse Male Gloves,Gloves04_HN_m,4,1,13,
575,Highlander/Norse Male Gloves,Gloves05_HN_m,4,1,9,
576,Highlander/Norse Male Gloves,Gloves06_HN_m,4,1,9,
577,Highlander/Norse Female Body,Body01_HN_f,4,1,2,
578,Highlander/Norse Female Body,Body02_HN_f,4,1,2,
579,Highlander/Norse Female Body,Body03_HN_f,4,1,2,
580,Highlander/Norse Female Body,Body04_HN_f,4,1,2,
581,Highlander/Norse Female Body,Body05_HN_f,4,1,3,
582,Highlander/Norse Female Body,Body06_HN_f,4,1,3,
583,Highlander/Norse Female Body,Body07_HN_f,4,1,3,
584,Highlander/Norse Female Body,Body08_HN_f,4,1,3,
585,Highlander/Norse Female Legs,Legs01_HN_f,4,1,4,
586,Highlander/Norse Female Boots,Boots01_HN_f,4,1,1,
587,Highlander/Norse Female Boots,Boots02_HN_f,4,1,1,
588,Highlander/Norse Female Boots,Boots03_HN_f,4,1,1,
589,Highlander/Norse Female Boots,Boots04_HN_f,4,1,1,
590,Highlander/Norse Female Boots,Boots05_HN_f,4,1,1,
591,Highlander/Norse Female Boots,Boots06_HN_f,4,1,1,
592,Highlander/Norse Female Arms,Arms01_HN_f,4,1,1,
593,Highlander/Norse Female Gloves,Gloves01_HN_f,4,1,5,
594,Highlander/Norse Female Gloves,Gloves02_HN_f,4,1,5,
595,Highlander/Norse Female Gloves,Gloves03_HN_f,4,1,5,
596,Highlander/Norse Female Gloves,Gloves04_HN_f,4,1,5,
597,Highlander/Norse Female Gloves,Gloves05_HN_f,4,1,6,
598,Highlander/Norse Female Gloves,Gloves06_HN_f,4,1,6,
599,Highlander/Norse Male Body,Body01_HN_m,4,1,2,
600,Highlander/Norse Male Body,Body02_HN_m,4,1,2,
601,Highlander/Norse Male Body,Body03_HN_m,4,1,2,
602,Highlander/Norse Male Body,Body04_HN_m,4,1,2,
603,Highlander/Norse Male Body,Body05_HN_m,4,1,3,
604,Highlander/Norse Male Body,Body06_HN_m,4,1,3,
605,Highlander/Norse Male Body,Body07_HN_m,4,1,3,
606,Highlander/Norse Male Body,Body08_HN_m,4,1,3,
607,Highlander/Norse Male Legs,Legs01_HN_m,4,1,4,
608,Highlander/Norse Male Boots,Boots01_HN_m,4,1,1,
609,Highlander/Norse Male Boots,Boots02_HN_m,4,1,1,
610,Highlander/Norse Male Boots,Boots03_HN_m,4,1,1,
611,Highlander/Norse Male Boots,Boots04_HN_m,4,1,1,
612,Highlander/Norse Male Boots,Boots05_HN_m,4,1,1,
613,Highlander/Norse Male Boots,Boots06_HN_m,4,1,1,
614,Highlander/Norse Male Arms,Arms01_HN_m,4,1,1,
615,Highlander/Norse Male Gloves,Gloves01_HN_m,4,1,5,
616,Highlander/Norse Male Gloves,Gloves02_HN_m,4,1,5,
617,Highlander/Norse Male Gloves,Gloves03_HN_m,4,1,5,
618,Highlander/Norse Male Gloves,Gloves04_HN_m,4,1,13,
619,Highlander/Norse Male Gloves,Gloves05_HN_m,4,1,9,
620,Highlander/Norse Male Gloves,Gloves06_HN_m,4,1,9,
621,Highlander/Norse Female Body,Body01_HN_f,4,1,2,
622,Highlander/Norse Female Body,Body02_HN_f,4,1,2,
623,Highlander/Norse Female Body,Body03_HN_f,4,1,2,
624,Highlander/Norse Female Body,Body04_HN_f,4,1,2,
625,Highlander/Norse Female Body,Body05_HN_f,4,1,3,
626,Highlander/Norse Female Body,Body06_HN_f,4,1,3,
627,Highlander/Norse Female Body,Body07_HN_f,4,1,3,
628,Highlander/Norse Female Body,Body08_HN_f,4,1,3,
629,Highlander/Norse Female Legs,Legs01_HN_f,4,1,4,
630,Highlander/Norse Female Boots,Boots01_HN_f,4,1,1,
631,Highlander/Norse Female Boots,Boots02_HN_f,4,1,1,
632,Highlander/Norse Female Boots,Boots03_HN_f,4,1,1,
633,Highlander/Norse Female Boots,Boots04_HN_f,4,1,1,
634,Highlander/Norse Female Boots,Boots05_HN_f,4,1,1,
635,Highlander/Norse Female Boots,Boots06_HN_f,4,1,1,
636,Highlander/Norse Female Arms,Arms01_HN_f,4,1,1,
637,Highlander/Norse Female Gloves,Gloves01_HN_f,4,1,5,
638,Highlander/Norse Female Gloves,Gloves02_HN_f,4,1,5,
639,Highlander/Norse Female Gloves,Gloves03_HN_f,4,1,5,
640,Highlander/Norse Female Gloves,Gloves04_HN_f,4,1,5,
641,Highlander/Norse Female Gloves,Gloves05_HN_f,4,1,6,
642,Highlander/Norse Female Gloves,Gloves06_HN_f,4,1,6,
643,Lurikeen Male Body,Body01_Lur_m,4,1,2,
644,Lurikeen Male Body,Body02_Lur_m,4,1,2,
645,Lurikeen Male Body,Body03_Lur_m,4,1,2,
646,Lurikeen Male Body,Body04_Lur_m,4,1,2,
647,Lurikeen Male Body,Body05_Lur_m,4,1,3,
648,Lurikeen Male Body,Body06_Lur_m,4,1,3,
649,Lurikeen Male Body,Body07_Lur_m,4,1,3,
650,Lurikeen Male Body,Body08_Lur_m,4,1,3,
651,Lurikeen Male Legs,Legs01_Lur_m,4,1,4,
652,Lurikeen Male Boots,Boots01_Lur_m,4,1,1,
653,Lurikeen Male Boots,Boots02_Lur_m,4,1,1,
654,Lurikeen Male Boots,Boots03_Lur_m,4,1,1,
655,Lurikeen Male Boots,Boots04_Lur_m,4,1,1,
656,Lurikeen Male Boots,Boots05_Lur_m,4,1,1,
657,Lurikeen Male Boots,Boots06_Lur_m,4,1,1,
658,Lurikeen Male Arms,Arms01_Lur_m,4,1,1,
659,Lurikeen Male Gloves,Gloves01_Lur_m,4,1,5,
660,Lurikeen Male Gloves,Gloves02_Lur_m,4,1,5,
661,Lurikeen Male Gloves,Gloves03_Lur_m,4,1,5,
662,Lurikeen Male Gloves,Gloves04_Lur_m,4,1,5,
663,Lurikeen Male Gloves,Gloves05_Lur_m,4,1,6,
664,Lurikeen Male Gloves,Gloves06_Lur_m,4,1,6,
665,Lurikeen Female Body,Body01_Lur_f,4,1,2,
666,Lurikeen Female Body,Body02_Lur_f,4,1,2,
667,Lurikeen Female Body,Body03_Lur_f,4,1,2,
668,Lurikeen Female Body,Body04_Lur_f,4,1,2,
669,Lurikeen Female Body,Body05_Lur_f,4,1,3,
670,Lurikeen Female Body,Body06_Lur_f,4,1,3,
671,Lurikeen Female Body,Body07_Lur_f,4,1,3,
672,Lurikeen Female Body,Body08_Lur_f,4,1,3,
673,Lurikeen Female Legs,Legs01_Lur_f,4,1,4,
674,Lurikeen Female Boots,Boots01_Lur_f,4,1,1,
675,Lurikeen Female Boots,Boots02_Lur_f,4,1,1,
676,Lurikeen Female Boots,Boots03_Lur_f,4,1,1,
677,Lurikeen Female Boots,Boots04_Lur_f,4,1,1,
678,Lurikeen Female Boots,Boots05_Lur_f,4,1,1,
679,Lurikeen Female Boots,Boots06_Lur_f,4,1,1,
680,Lurikeen Female Arms,Arms01_Lur_f,4,1,1,
681,Lurikeen Female Gloves,Gloves01_Lur_f,4,1,5,
682,Lurikeen Female Gloves,Gloves02_Lur_f,4,1,5,
683,Lurikeen Female Gloves,Gloves03_Lur_f,4,1,5,
684,Lurikeen Female Gloves,Gloves04_Lur_f,4,1,5,
685,Lurikeen Female Gloves,Gloves05_Lur_f,4,1,6,
686,Lurikeen Female Gloves,Gloves06_Lur_f,4,1,6,
687,Kobold Male Body,Body01_Kob_m,4,1,2,
688,Kobold Male Body,Body02_Kob_m,4,1,2,
689,Kobold Male Body,Body03_Kob_m,4,1,2,
690,Kobold Male Body,Body04_Kob_m,4,1,2,
691,Kobold Male Body,Body05_Kob_m,4,1,3,
692,Kobold Male Body,Body06_Kob_m,4,1,3,
693,Kobold Male Body,Body07_Kob_m,4,1,3,
694,Kobold Male Body,Body08_Kob_m,4,1,3,
695,Kobold Male Legs,Legs01_Kob_m,4,1,4,
696,Kobold Male Boots,Boots01_Kob_m,4,1,1,
697,Kobold Male Boots,Boots02_Kob_m,4,1,1,
698,Kobold Male Boots,Boots03_Kob_m,4,1,1,
699,Kobold Male Boots,Boots04_Kob_m,4,1,1,
700,Kobold Male Boots,Boots05_Kob_m,4,1,1,
701,Kobold Male Boots,Boots06_Kob_m,4,1,1,
702,Kobold Male Arms,Arms01_Kob_m,4,1,1,
703,Kobold Male Gloves,Gloves01_Kob_m,4,1,5,
704,Kobold Male Gloves,Gloves02_Kob_m,4,1,5,
705,Kobold Male Gloves,Gloves03_Kob_m,4,1,5,
706,Kobold Male Gloves,Gloves04_Kob_m,4,1,5,
707,Kobold Male Gloves,Gloves05_Kob_m,4,1,6,
708,Kobold Male Gloves,Gloves06_Kob_m,4,1,6,
709,Kobold Female Body,Body01_Kob_f,4,1,2,
710,Kobold Female Body,Body02_Kob_f,4,1,2,
711,Kobold Female Body,Body03_Kob_f,4,1,2,
712,Kobold Female Body,Body04_Kob_f,4,1,2,
713,Kobold Female Body,Body05_Kob_f,4,1,3,
714,Kobold Female Body,Body06_Kob_f,4,1,3,
715,Kobold Female Body,Body07_Kob_f,4,1,3,
716,Kobold Female Body,Body08_Kob_f,4,1,3,
717,Kobold Female Legs,Legs01_Kob_f,4,1,4,
718,Kobold Female Boots,Boots01_Kob_f,4,1,1,
719,Kobold Female Boots,Boots02_Kob_f,4,1,1,
720,Kobold Female Boots,Boots03_Kob_f,4,1,1,
721,Kobold Female Boots,Boots04_Kob_f,4,1,1,
722,Kobold Female Boots,Boots05_Kob_f,4,1,1,
723,Kobold Female Boots,Boots06_Kob_f,4,1,1,
724,Kobold Female Arms,Arms01_Kob_f,4,1,1,
725,Kobold Female Gloves,Gloves01_Kob_f,4,1,5,
726,Kobold Female Gloves,Gloves02_Kob_f,4,1,5,
727,Kobold Female Gloves,Gloves03_Kob_f,4,1,5,
728,Kobold Female Gloves,Gloves04_Kob_f,4,1,5,
729,Kobold Female Gloves,Gloves05_Kob_f,4,1,6,
730,Kobold Female Gloves,Gloves06_Kob_f,4,1,6,
731,Dwarf Male Body,Body01_Dwa_m,4,1,2,
732,Dwarf Male Body,Body02_Dwa_m,4,1,2,
733,Dwarf Male Body,Body03_Dwa_m,4,1,2,
734,Dwarf Male Body,Body04_Dwa_m,4,1,2,
735,Dwarf Male Body,Body05_Dwa_m,4,1,3,
736,Dwarf Male Body,Body06_Dwa_m,4,1,3,
737,Dwarf Male Body,Body07_Dwa_m,4,1,3,
738,Dwarf Male Body,Body08_Dwa_m,4,1,3,
739,Dwarf Male Legs,Legs01_Dwa_m,4,1,4,
740,Dwarf Male Boots,Boots01_Dwa_m,4,1,1,
741,Dwarf Male Boots,Boots02_Dwa_m,4,1,1,
742,Dwarf Male Boots,Boots03_Dwa_m,4,1,1,
743,Dwarf Male Boots,Boots04_Dwa_m,4,1,1,
744,Dwarf Male Boots,Boots05_Dwa_m,4,1,1,
745,Dwarf Male Boots,Boots06_Dwa_m,4,1,1,
746,Dwarf Male Arms,Arms01_Dwa_m,4,1,1,
747,Dwarf Male Gloves,Gloves01_Dwa_m,4,1,5,
748,Dwarf Male Gloves,Gloves02_Dwa_m,4,1,5,
749,Dwarf Male Gloves,Gloves03_Dwa_m,4,1,5,
750,Dwarf Male Gloves,Gloves04_Dwa_m,4,1,5,
751,Dwarf Male Gloves,Gloves05_Dwa_m,4,1,6,
752,Dwarf Male Gloves,Gloves06_Dwa_m,4,1,6,
753,Dwarf Female Body,Body01_Dwa_f,4,1,2,
754,Dwarf Female Body,Body02_Dwa_f,4,1,2,
755,Dwarf Female Body,Body03_Dwa_f,4,1,2,
756,Dwarf Female Body,Body04_Dwa_f,4,1,2,
757,Dwarf Female Body,Body05_Dwa_f,4,1,3,
758,Dwarf Female Body,Body06_Dwa_f,4,1,3,
759,Dwarf Female Body,Body07_Dwa_f,4,1,3,
760,Dwarf Female Body,Body08_Dwa_f,4,1,3,
761,Dwarf Female Legs,Legs01_Dwa_f,4,1,4,
762,Dwarf Female Boots,Boots01_Dwa_f,4,1,1,
763,Dwarf Female Boots,Boots02_Dwa_f,4,1,1,
764,Dwarf Female Boots,Boots03_Dwa_f,4,1,1,
765,Dwarf Female Boots,Boots04_Dwa_f,4,1,1,
766,Dwarf Female Boots,Boots05_Dwa_f,4,1,1,
767,Dwarf Female Boots,Boots06_Dwa_f,4,1,1,
768,Dwarf Female Arms,Arms01_Dwa_f,4,1,1,
769,Dwarf Female Gloves,Gloves01_Dwa_f,4,1,5,
770,Dwarf Female Gloves,Gloves02_Dwa_f,4,1,5,
771,Dwarf Female Gloves,Gloves03_Dwa_f,4,1,5,
772,Dwarf Female Gloves,Gloves04_Dwa_f,4,1,5,
773,Dwarf Female Gloves,Gloves05_Dwa_f,4,1,6,
774,Dwarf Female Gloves,Gloves06_Dwa_f,4,1,6,
775,Inconnu Male Body,Body01_Inc_m,4,1,2,
776,Inconnu Male Body,Body02_Inc_m,4,1,2,
777,Inconnu Male Body,Body03_Inc_m,4,1,2,
778,Inconnu Male Body,Body04_Inc_m,4,1,2,
779,Inconnu Male Body,Body05_Inc_m,4,1,3,
780,Inconnu Male Body,Body06_Inc_m,4,1,3,
781,Inconnu Male Body,Body07_Inc_m,4,1,3,
783,Inconnu Male Legs,Legs01_Inc_m,4,1,4,
784,Inconnu Male Boots,Boots01_Inc_m,4,1,1,
785,Inconnu Male Boots,Boots02_Inc_m,4,1,1,
786,Inconnu Male Boots,Boots03_Inc_m,4,1,1,
787,Inconnu Male Boots,Boots04_Inc_m,4,1,1,
788,Inconnu Male Boots,Boots05_Inc_m,4,1,1,
789,Inconnu Male Boots,Boots06_Inc_m,4,1,1,
790,Inconnu Male Arms,Arms01_Inc_m,4,1,1,
791,Inconnu Male Gloves,Gloves01_Inc_m,4,1,5,
792,Inconnu Male Gloves,Gloves02_Inc_m,4,1,5,
793,Inconnu Male Gloves,Gloves03_Inc_m,4,1,5,
794,Inconnu Male Gloves,Gloves04_Inc_m,4,1,5,
795,Inconnu Male Gloves,Gloves05_Inc_m,4,1,6,
796,Inconnu Male Gloves,Gloves06_Inc_m,4,1,6,
797,Inconnu Female Body,Body01_Inc_f,4,1,2,
798,Inconnu Female Body,Body02_Inc_f,4,1,2,
799,Inconnu Female Body,Body03_Inc_f,4,1,2,
800,Inconnu Female Body,Body04_Inc_f,4,1,2,
801,Inconnu Female Body,Body05_Inc_f,4,1,3,
802,Inconnu Female Body,Body06_Inc_f,4,1,3,
803,Inconnu Female Body,Body07_Inc_f,4,1,3,
805,Inconnu Female Legs,Legs01_Inc_f,4,1,4,
806,Inconnu Female Boots,Boots01_Inc_f,4,1,1,
807,Inconnu Female Boots,Boots02_Inc_f,4,1,1,
808,Inconnu Female Boots,Boots03_Inc_f,4,1,1,
809,Inconnu Female Boots,Boots04_Inc_f,4,1,1,
810,Inconnu Female Boots,Boots05_Inc_f,4,1,1,
811,Inconnu Female Boots,Boots06_Inc_f,4,1,1,
812,Inconnu Female Arms,Arms01_Inc_f,4,1,1,
813,Inconnu Female Gloves,Gloves01_Inc_f,4,1,5,
814,Inconnu Female Gloves,Gloves02_Inc_f,4,1,5,
815,Inconnu Female Gloves,Gloves03_Inc_f,4,1,5,
816,Inconnu Female Gloves,Gloves04_Inc_f,4,1,5,
817,Inconnu Female Gloves,Gloves05_Inc_f,4,1,6,
818,Inconnu Female Gloves,Gloves06_Inc_f,4,1,6,
819,Half Ogre Male Body,Body01_Hal_m,4,1,2,
820,Half Ogre Male Body,Body02_Hal_m,4,1,2,
821,Half Ogre Male Body,Body03_Hal_m,4,1,2,
822,Half Ogre Male Body,Body04_Hal_m,4,1,2,
823,Half Ogre Male Body,Body05_Hal_m,4,1,3,
824,Half Ogre Male Body,Body06_Hal_m,4,1,3,
825,Half Ogre Male Body,Body07_Hal_m,4,1,3,
827,Half Ogre Male Legs,Legs01_Hal_m,4,1,4,
828,Half Ogre Male Boots,Boots01_Hal_m,4,1,1,
829,Half Ogre Male Boots,Boots02_Hal_m,4,1,1,
830,Half Ogre Male Boots,Boots03_Hal_m,4,1,1,
831,Half Ogre Male Boots,Boots04_Hal_m,4,1,1,
832,Half Ogre Male Boots,Boots05_Hal_m,4,1,1,
833,Half Ogre Male Boots,Boots06_Hal_m,4,1,1,
834,Half Ogre Male Arms,Arms01_Hal_m,4,1,1,
835,Half Ogre Male Gloves,Gloves01_Hal_m,4,1,5,
836,Half Ogre Male Gloves,Gloves02_Hal_m,4,1,5,
837,Half Ogre Male Gloves,Gloves03_Hal_m,4,1,5,
838,Half Ogre Male Gloves,Gloves04_Hal_m,4,1,5,
839,Half Ogre Male Gloves,Gloves05_Hal_m,4,1,6,
840,Half Ogre Male Gloves,Gloves06_Hal_m,4,1,6,
841,Half Ogre Female Body,Body01_Hal_f,4,1,2,
842,Half Ogre Female Body,Body02_Hal_f,4,1,2,
843,Half Ogre Female Body,Body03_Hal_f,4,1,2,
844,Half Ogre Female Body,Body04_Hal_f,4,1,2,
845,Half Ogre Female Body,Body05_Hal_f,4,1,3,
846,Half Ogre Female Body,Body06_Hal_f,4,1,3,
847,Half Ogre Female Body,Body07_Hal_f,4,1,3,
848,Half Ogre Female Body,Body08_Hal_f,4,1,3,
849,Half Ogre Female Legs,Legs01_Hal_f,4,1,4,
850,Half Ogre Female Boots,Boots01_Hal_f,4,1,1,
851,Half Ogre Female Boots,Boots02_Hal_f,4,1,1,
852,Half Ogre Female Boots,Boots03_Hal_f,4,1,1,
853,Half Ogre Female Boots,Boots04_Hal_f,4,1,1,
854,Half Ogre Female Boots,Boots05_Hal_f,4,1,1,
855,Half Ogre Female Boots,Boots06_Hal_f,4,1,1,
856,Half Ogre Female Arms,Arms01_Hal_f,4,1,1,
857,Half Ogre Female Gloves,Gloves01_Hal_f,4,1,5,
858,Half Ogre Female Gloves,Gloves02_Hal_f,4,1,5,
859,Half Ogre Female Gloves,Gloves03_Hal_f,4,1,5,
860,Half Ogre Female Gloves,Gloves04_Hal_f,4,1,5,
861,Half Ogre Female Gloves,Gloves05_Hal_f,4,1,6,
862,Half Ogre Female Gloves,Gloves06_Hal_f,4,1,6,
863,Valkyn Male Body,Body01_Val_m,4,1,2,
864,Valkyn Male Body,Body02_Val_m,4,1,2,
865,Valkyn Male Body,Body03_Val_m,4,1,2,
866,Valkyn Male Body,Body04_Val_m,4,1,2,
867,Valkyn Male Body,Body05_Val_m,4,1,3,
868,Valkyn Male Body,Body06_Val_m,4,1,3,
869,Valkyn Male Body,Body07_Val_m,4,1,3,
870,Valkyn Male Body,Body08_Val_m,4,1,3,
871,Valkyn Male Legs,Legs01_Val_m,4,1,4,
872,Valkyn Male Boots,Boots01_Val_m,4,1,1,
873,Valkyn Male Boots,Boots02_Val_m,4,1,1,
874,Valkyn Male Boots,Boots03_Val_m,4,1,1,
875,Valkyn Male Boots,Boots04_Val_m,4,1,1,
876,Valkyn Male Boots,Boots05_Val_m,4,1,1,
877,Valkyn Male Boots,Boots06_Val_m,4,1,1,
878,Valkyn Male Arms,Arms01_Val_m,4,1,1,
879,Valkyn Male Gloves,Gloves01_Val_m,4,1,5,
880,Valkyn Male Gloves,Gloves02_Val_m,4,1,9,
881,Valkyn Male Gloves,Gloves03_Val_m,4,1,5,
882,Valkyn Male Gloves,Gloves04_Val_m,4,1,5,
883,Valkyn Male Gloves,Gloves05_Val_m,4,1,6,
884,Valkyn Male Gloves,Gloves06_Val_m,4,1,6,
885,Valkyn Female Body,Body01_Val_f,4,1,2,
886,Valkyn Female Body,Body02_Val_f,4,1,2,
887,Valkyn Female Body,Body03_Val_f,4,1,2,
888,Valkyn Female Body,Body04_Val_f,4,1,2,
889,Valkyn Female Body,Body05_Val_f,4,1,3,
890,Valkyn Female Body,Body06_Val_f,4,1,3,
891,Valkyn Female Body,Body07_Val_f,4,1,3,
892,Valkyn Female Body,Body08_Val_f,4,1,3,
893,Valkyn Female Legs,Legs01_Val_f,4,1,4,
894,Valkyn Female Boots,Boots01_Val_f,4,1,1,
895,Valkyn Female Boots,Boots02_Val_f,4,1,1,
896,Valkyn Female Boots,Boots03_Val_f,4,1,1,
897,Valkyn Female Boots,Boots04_Val_f,4,1,1,
898,Valkyn Female Boots,Boots05_Val_f,4,1,1,
899,Valkyn Female Boots,Boots06_Val_f,4,1,1,
900,Valkyn Female Arms,Arms01_Val_f,4,1,1,
901,Valkyn Female Gloves,Gloves01_Val_f,4,1,5,
902,Valkyn Female Gloves,Gloves02_Val_f,4,1,5,
903,Valkyn Female Gloves,Gloves03_Val_f,4,1,5,
904,Valkyn Female Gloves,Gloves04_Val_f,4,1,5,
905,Valkyn Female Gloves,Gloves05_Val_f,4,1,6,
906,Valkyn Female Gloves,Gloves06_Val_f,4,1,6,
907,Firbolg Male Body,Body01_Fir_m,4,1,2,
908,Firbolg Male Body,Body02_Fir_m,4,1,2,
909,Firbolg Male Body,Body03_Fir_m,4,1,2,
910,Firbolg Male Body,Body04_Fir_m,4,1,2,
911,Firbolg Male Body,Body05_Fir_m,4,1,3,
912,Firbolg Male Body,Body06_Fir_m,4,1,3,
913,Firbolg Male Body,Body07_Fir_m,4,1,3,
914,Firbolg Male Body,Body08_Fir_m,4,1,3,
915,Firbolg Male Legs,Legs01_Fir_m,4,1,4,
916,Firbolg Male Boots,Boots01_Fir_m,4,1,1,
917,Firbolg Male Boots,Boots02_Fir_m,4,1,1,
918,Firbolg Male Boots,Boots03_Fir_m,4,1,1,
919,Firbolg Male Boots,Boots04_Fir_m,4,1,1,
920,Firbolg Male Boots,Boots05_Fir_m,4,1,1,
921,Firbolg Male Boots,Boots06_Fir_m,4,1,1,
922,Firbolg Male Arms,Arms01_Fir_m,4,1,1,
923,Firbolg Male Gloves,Gloves01_Fir_m,4,1,5,
924,Firbolg Male Gloves,Gloves02_Fir_m,4,1,5,
925,Firbolg Male Gloves,Gloves03_Fir_m,4,1,5,
926,Firbolg Male Gloves,Gloves04_Fir_m,4,1,5,
927,Firbolg Male Gloves,Gloves05_Fir_m,4,1,6,
928,Firbolg Male Gloves,Gloves06_Fir_m,4,1,6,
929,Firbolg Female Body,Body01_Fir_f,4,1,2,
930,Firbolg Female Body,Body02_Fir_f,4,1,2,
931,Firbolg Female Body,Body03_Fir_f,4,1,2,
932,Firbolg Female Body,Body04_Fir_f,4,1,2,
933,Firbolg Female Body,Body05_Fir_f,4,1,3,
934,Firbolg Female Body,Body06_Fir_f,4,1,3,
935,Firbolg Female Body,Body07_Fir_f,4,1,3,
936,Firbolg Female Body,Body08_Fir_f,4,1,3,
937,Firbolg Female Legs,Legs01_Fir_f,4,1,4,
938,Firbolg Female Boots,Boots01_Fir_f,4,1,1,
939,Firbolg Female Boots,Boots02_Fir_f,4,1,1,
940,Firbolg Female Boots,Boots03_Fir_f,4,1,1,
941,Firbolg Female Boots,Boots04_Fir_f,4,1,1,
942,Firbolg Female Boots,Boots05_Fir_f,4,1,1,
943,Firbolg Female Boots,Boots06_Fir_f,4,1,1,
944,Firbolg Female Arms,Arms01_Fir_f,4,1,1,
945,Firbolg Female Gloves,Gloves01_Fir_f,4,1,5,
946,Firbolg Female Gloves,Gloves02_Fir_f,4,1,5,
947,Firbolg Female Gloves,Gloves03_Fir_f,4,1,5,
948,Firbolg Female Gloves,Gloves04_Fir_f,4,1,5,
949,Firbolg Female Gloves,Gloves05_Fir_f,4,1,6,
950,Firbolg Female Gloves,Gloves06_Fir_f,4,1,6,
951,Troll Male Body,Body01_Tro_m,4,1,2,
952,Troll Male Body,Body02_Tro_m,4,1,2,
953,Troll Male Body,Body03_Tro_m,4,1,2,
954,Troll Male Body,Body04_Tro_m,4,1,2,
955,Troll Male Body,Body05_Tro_m,4,1,3,
956,Troll Male Body,Body06_Tro_m,4,1,3,
957,Troll Male Body,Body07_Tro_m,4,1,3,
958,Troll Male Body,Body08_Tro_m,4,1,3,
959,Troll Male Legs,Legs01_Tro_m,4,1,4,
960,Troll Male Boots,Boots01_Tro_m,4,1,1,
961,Troll Male Boots,Boots02_Tro_m,4,1,1,
962,Troll Male Boots,Boots03_Tro_m,4,1,1,
963,Troll Male Boots,Boots04_Tro_m,4,1,1,
964,Troll Male Boots,Boots05_Tro_m,4,1,1,
965,Troll Male Boots,Boots06_Tro_m,4,1,1,
966,Troll Male Arms,Arms01_Tro_m,4,1,1,
967,Troll Male Gloves,Gloves01_Tro_m,4,1,5,
968,Troll Male Gloves,Gloves02_Tro_m,4,1,5,
969,Troll Male Gloves,Gloves03_Tro_m,4,1,5,
970,Troll Male Gloves,Gloves04_Tro_m,4,1,5,
971,Troll Male Gloves,Gloves05_Tro_m,4,1,6,
972,Troll Male Gloves,Gloves06_Tro_m,4,1,6,
973,Troll Female Body,Body01_Tro_f,4,1,2,
974,Troll Female Body,Body02_Tro_f,4,1,2,
975,Troll Female Body,Body03_Tro_f,4,1,2,
976,Troll Female Body,Body04_Tro_f,4,1,2,
977,Troll Female Body,Body05_Tro_f,4,1,3,
978,Troll Female Body,Body06_Tro_f,4,1,3,
979,Troll Female Body,Body07_Tro_f,4,1,3,
980,Troll Female Body,Body08_Tro_f,4,1,3,
981,Troll Female Legs,Legs01_Tro_f,4,1,4,
982,Troll Female Boots,Boots01_Tro_f,4,1,1,
983,Troll Female Boots,Boots02_Tro_f,4,1,1,
984,Troll Female Boots,Boots03_Tro_f,4,1,1,
985,Troll Female Boots,Boots04_Tro_f,4,1,1,
986,Troll Female Boots,Boots05_Tro_f,4,1,1,
987,Troll Female Boots,Boots06_Tro_f,4,1,1,
988,Troll Female Arms,Arms01_Tro_f,4,1,1,
989,Troll Female Gloves,Gloves01_Tro_f,4,1,5,
990,Troll Female Gloves,Gloves02_Tro_f,4,1,5,
991,Troll Female Gloves,Gloves03_Tro_f,4,1,5,
992,Troll Female Gloves,Gloves04_Tro_f,4,1,5,
993,Troll Female Gloves,Gloves05_Tro_f,4,1,6,
994,Troll Female Gloves,Gloves06_Tro_f,4,1,6,
995,BritCelt Male Body,Body01_BC_m,4,1,2,
996,BritCelt Male Body,Body02_BC_m,4,1,2,
997,BritCelt Male Body,Body03_BC_m,4,1,2,
998,BritCelt Male Body,Body04_BC_m,4,1,2,
999,BritCelt Male Body,Body05_BC_m,4,1,3,
1000,BritCelt Male Body,Body06_BC_m,4,1,3,
1001,BritCelt Male Body,Body07_BC_m,4,1,3,
1002,BritCelt Male Body,Body08_BC_m,4,1,3,
1003,BritCelt Male Legs,Legs01_BC_m,4,1,4,
1004,BritCelt Male Boots,Boots01_BC_m,4,1,1,
1005,BritCelt Male Boots,Boots02_BC_m,4,1,1,
1006,BritCelt Male Boots,Boots03_BC_m,4,1,1,
1007,BritCelt Male Boots,Boots04_BC_m,4,1,1,
1008,BritCelt Male Boots,Boots05_BC_m,4,1,1,
1009,BritCelt Male Boots,Boots06_BC_m,4,1,1,
1010,BritCelt Male Arms,Arms01_BC_m,4,1,1,
1011,BritCelt Male Gloves,Gloves01_BC_m,4,1,5,
1012,BritCelt Male Gloves,Gloves02_BC_m,4,1,5,
1013,BritCelt Male Gloves,Gloves03_BC_m,4,1,5,
1014,BritCelt Male Gloves,Gloves04_BC_m,4,1,5,
1015,BritCelt Male Gloves,Gloves05_BC_m,4,1,6,
1016,BritCelt Male Gloves,Gloves06_BC_m,4,1,6,
1017,BritCelt Female Body,Body01_BC_f,4,1,2,
1018,BritCelt Female Body,Body02_BC_f,4,1,2,
1019,BritCelt Female Body,Body03_BC_f,4,1,2,
1020,BritCelt Female Body,Body04_BC_f,4,1,2,
1021,BritCelt Female Body,Body05_BC_f,4,1,3,
1022,BritCelt Female Body,Body06_BC_f,4,1,3,
1023,BritCelt Female Body,Body07_BC_f,4,1,3,
1024,BritCelt Female Body,Body08_BC_f,4,1,3,
1025,BritCelt Female Legs,Legs01_BC_f,4,1,4,
1026,BritCelt Female Boots,Boots01_BC_f,4,1,1,
1027,BritCelt Female Boots,Boots02_BC_f,4,1,1,
1028,BritCelt Female Boots,Boots03_BC_f,4,1,1,
1029,BritCelt Female Boots,Boots04_BC_f,4,1,1,
1030,BritCelt Female Boots,Boots05_BC_f,4,1,1,
1031,BritCelt Female Boots,Boots06_BC_f,4,1,1,
1032,BritCelt Female Arms,Arms01_BC_f,4,1,1,
1033,BritCelt Female Gloves,Gloves01_BC_f,4,1,5,
1034,BritCelt Female Gloves,Gloves02_BC_f,4,1,5,
1035,BritCelt Female Gloves,Gloves03_BC_f,4,1,5,
1036,BritCelt Female Gloves,Gloves04_BC_f,4,1,5,
1037,BritCelt Female Gloves,Gloves05_BC_f,4,1,6,
1038,BritCelt Female Gloves,Gloves06_BC_f,4,1,6,
1039,Sylvan Male Body,Body01_AES_m,4,1,2,
1040,Sylvan Male Body,Body02_AES_m,4,1,2,
1041,Sylvan Male Body,Body03_AES_m,4,1,2,
1042,Sylvan Male Body,Body04_AES_m,4,1,2,
1043,Sylvan Male Body,Body05_AES_m,4,1,3,
1044,Sylvan Male Body,Body06_AES_m,4,1,3,
1045,Sylvan Male Body,Body07_AES_m,4,1,3,
1047,Sylvan Male Legs,Legs01_AES_m,4,1,4,
1048,Sylvan Male Boots,Boots01_AES_m,4,1,1,
1049,Sylvan Male Boots,Boots02_AES_m,4,1,1,
1050,Sylvan Male Boots,Boots03_AES_m,4,1,1,
1051,Sylvan Male Boots,Boots04_AES_m,4,1,1,
1052,Sylvan Male Boots,Boots05_AES_m,4,1,1,
1053,Sylvan Male Boots,Boots06_AES_m,4,1,1,
1054,Sylvan Male Arms,Arms01_AES_m,4,1,1,
1055,Sylvan Male Gloves,Gloves01_AES_m,4,1,5,
1056,Sylvan Male Gloves,Gloves02_AES_m,4,1,5,
1057,Sylvan Male Gloves,Gloves03_AES_m,4,1,5,
1058,Sylvan Male Gloves,Gloves04_AES_m,4,1,5,
1059,Sylvan Male Gloves,Gloves05_AES_m,4,1,6,
1060,Sylvan Male Gloves,Gloves06_AES_m,4,1,6,
1061,Sylvan Female Body,Body01_AES_f,4,1,2,
1062,Sylvan Female Body,Body02_AES_f,4,1,2,
1063,Sylvan Female Body,Body03_AES_f,4,1,2,
1064,Sylvan Female Body,Body04_AES_f,4,1,2,
1065,Sylvan Female Body,Body05_AES_f,4,1,3,
1066,Sylvan Female Body,Body06_AES_f,4,1,3,
1067,Sylvan Female Body,Body07_AES_f,4,1,3,
1068,Sylvan Female Body,Body08_AES_f,4,1,3,
1069,Sylvan Female Legs,Legs01_AES_f,4,1,4,
1070,Sylvan Female Boots,Boots01_AES_f,4,1,1,
1071,Sylvan Female Boots,Boots02_AES_f,4,1,1,
1072,Sylvan Female Boots,Boots03_AES_f,4,1,1,
1073,Sylvan Female Boots,Boots04_AES_f,4,1,1,
1074,Sylvan Female Boots,Boots05_AES_f,4,1,1,
1075,Sylvan Female Boots,Boots06_AES_f,4,1,1,
1076,Sylvan Female Arms,Arms01_AES_f,4,1,1,
1077,Sylvan Female Gloves,Gloves01_AES_f,4,1,5,
1078,Sylvan Female Gloves,Gloves02_AES_f,4,1,5,
1079,Sylvan Female Gloves,Gloves03_AES_f,4,1,5,
1080,Sylvan Female Gloves,Gloves04_AES_f,4,1,5,
1081,Sylvan Female Gloves,Gloves05_AES_f,4,1,6,
1082,Sylvan Female Gloves,Gloves06_AES_f,4,1,6,
1083,Highlander/Norse Male Body,Body01_Hig_m,4,1,2,
1084,Highlander/Norse Male Body,Body02_Hig_m,4,1,2,
1085,Highlander/Norse Male Body,Body03_Hig_m,4,1,2,
1086,Highlander/Norse Male Body,Body04_Hig_m,4,1,2,
1087,Highlander/Norse Male Body,Body05_Hig_m,4,1,3,
1088,Highlander/Norse Male Body,Body06_Hig_m,4,1,3,
1089,Highlander/Norse Male Body,Body07_HN_m,4,1,3,
1090,Highlander/Norse Male Body,Body08_HN_m,4,1,3,
1091,Highlander/Norse Female Body,Body01_Hig_f,4,1,2,
1092,Highlander/Norse Female Body,Body02_Hig_f,4,1,2,
1093,Highlander/Norse Female Body,Body03_Hig_f,4,1,2,
1094,Highlander/Norse Female Body,Body04_Hig_f,4,1,2,
1095,Highlander/Norse Female Body,Body05_Hig_f,4,1,3,
1096,Highlander/Norse Female Body,Body06_Hig_f,4,1,3,
1097,Highlander/Norse Female Body,Body07_HN_f,4,1,3,
1098,Highlander/Norse Female Body,Body08_HN_f,4,1,3,
1099,Highlander/Norse Male Body,LBody01_Hig_m,4,1,4,
1100,Highlander/Norse Male Body,LBody02_Hig_m,4,1,4,
1101,Highlander/Norse Male Body,LBody03_Hig_m,4,1,4,
1102,Highlander/Norse Male Body,LBody04_Hig_m,4,1,4,
1103,Highlander/Norse Male Body,LBody05_Hig_m,4,1,4,
1104,Highlander/Norse Male Body,LBody06_Hig_m,4,1,4,
1105,Highlander/Norse Male Body,LBody07_Hig_m,4,1,4,
1106,Highlander/Norse Male Body,LBody08_Hig_m,4,1,4,
1107,Highlander/Norse Female Body,LBody01_Hig_f,4,1,4,
1108,Highlander/Norse Female Body,LBody02_Hig_f,4,1,4,
1109,Highlander/Norse Female Body,LBody03_Hig_f,4,1,4,
1110,Highlander/Norse Female Body,LBody04_Hig_f,4,1,4,
1111,Highlander/Norse Female Body,LBody05_Hig_f,4,1,4,
1112,Highlander/Norse Female Body,LBody06_Hig_f,4,1,4,
1113,Highlander/Norse Female Body,LBody07_Hig_f,4,1,4,
1114,Highlander/Norse Female Body,LBody08_Hig_f,4,1,4,
1115,Celt Bainshee Legs,legs01_CeltBainshee,4,1,4,
1116,Celt Bainshee Arms,arms01_CeltBainshee,4,1,1,
1117,Celt Bainshee Body,body01_CeltBainshee,4,1,2,
1118,Celt Bainshee Hair,CeltBainHair01,4,1,8,
1119,Lur Bainshee Legs,legs01_luriBainshee,4,1,4,
1120,Lur Bainshee Arms,arms01_luriBainshee,4,1,1,
1121,Lur Bainshee Body,body01_luriBainshee,4,1,2,
1122,Lur Bainshee Hair,LuriBainHair01,4,1,8,
1123,Elf Bainshee Legs,legs01_elfBainshee,4,1,13,
1124,Elf Bainshee Arms,Arms01_elfBainshee,4,1,1,
1125,Elf Bainshee Body,body01_elf_bainshee,4,1,13,
1126,Elf Bainshee Hair,ElfBainHair01,4,1,8,
1127,boots07_AES_f,boots07_AES_f,4,1,1,
1128,Boots07_AES_m,Boots07_AES_m,4,1,1,
1129,Boots07_BC_f,Boots07_BC_f,4,1,1,
1130,Boots07_BC_m,Boots07_BC_m,4,1,1,
1131,boots07_Dwa_f,boots07_Dwa_f,4,1,1,
1132,Boots07_Dwa_m,Boots07_Dwa_m,4,1,1,
1133,boots07_Fir_f,boots07_Fir_f,4,1,1,
1134,Boots07_Fir_m,Boots07_Fir_m,4,1,1,
1135,boots07_Hal_f,boots07_Hal_f,4,1,1,
1136,Boots07_Hal_m,Boots07_Hal_m,4,1,1,
1137,Boots07_HN_f,Boots07_HN_f,4,1,1,
1138,Boots07_HN_m,Boots07_HN_m,4,1,1,
1139,boots07_Inc_f,boots07_Inc_f,4,1,1,
1140,Boots07_Inc_m,Boots07_Inc_m,4,1,1,
1141,boots07_Kob_f,boots07_Kob_f,4,1,1,
1142,Boots07_Kob_m,Boots07_Kob_m,4,1,1,
1143,boots07_Lur_f,boots07_Lur_f,4,1,1,
1144,Boots07_Lur_m,Boots07_Lur_m,4,1,1,
1145,boots07_SFS_f,boots07_SFS_f,4,1,1,
1146,Boots07_SFS_m,Boots07_SFS_m,4,1,1,
1147,Boots07_Tro_f,Boots07_Tro_f,4,1,1,
1148,Boots07_Tro_m,Boots07_Tro_m,4,1,1,
1149,boots07_Val_f,boots07_Val_f,4,1,1,
1150,Boots07_Val_m,Boots07_Val_m,4,1,1,
1151,boots08_AES_f,boots08_AES_f,4,1,1,
1152,Boots08_AES_m,Boots08_AES_m,4,1,1,
1153,Boots08_BC_f,Boots08_BC_f,4,1,1,
1154,Boots08_BC_m,Boots08_BC_m,4,1,1,
1155,boots08_Dwa_f,boots08_Dwa_f,4,1,1,
1156,Boots08_Dwa_m,Boots08_Dwa_m,4,1,1,
1157,boots08_Fir_f,boots08_Fir_f,4,1,1,
1158,Boots08_Fir_m,Boots08_Fir_m,4,1,1,
1159,boots08_Hal_f,boots08_Hal_f,4,1,1,
1160,Boots08_Hal_m,Boots08_Hal_m,4,1,1,
1161,Boots08_HN_f,Boots08_HN_f,4,1,1,
1162,Boots08_HN_m,Boots08_HN_m,4,1,1,
1163,boots08_Inc_f,boots08_Inc_f,4,1,1,
1164,Boots08_Inc_m,Boots08_Inc_m,4,1,1,
1165,boots08_Kob_f,boots08_Kob_f,4,1,1,
1166,Boots08_Kob_m,Boots08_Kob_m,4,1,1,
1167,boots08_Lur_f,boots08_Lur_f,4,1,1,
1168,Boots08_Lur_m,Boots08_Lur_m,4,1,1,
1169,boots08_SFS_f,boots08_SFS_f,4,1,1,
1170,Boots08_SFS_m,Boots08_SFS_m,4,1,1,
1171,Boots08_Tro_f,Boots08_Tro_f,4,1,1,
1172,Boots08_Tro_m,Boots08_Tro_m,4,1,1,
1173,boots08_Val_f,boots08_Val_f,4,1,1,
1174,Gloves08_Val_m,Gloves08_Val_m,4,1,6,
1175,Boots08_Val_m,Boots08_Val_m,4,1,1,
1176,Gloves07_AES_f,Gloves07_AES_f,4,1,6,
1177,Gloves07_AES_m,Gloves07_AES_m,4,1,6,
1178,Gloves07_BC_f,Gloves07_BC_f,4,1,6,
1179,Gloves07_BC_m,Gloves07_BC_m,4,1,6,
1180,Gloves07_Dwa_f,Gloves07_Dwa_f,4,1,6,
1181,Gloves07_Dwa_m,Gloves07_Dwa_m,4,1,6,
1182,Gloves07_Fir_f,Gloves07_Fir_f,4,1,6,
1183,Gloves07_Hal_f,Gloves07_Hal_f,4,1,6,
1184,Gloves07_Hal_m,Gloves07_Hal_m,4,1,6,
1185,Gloves07_HN_f,Gloves07_HN_f,4,1,6,
1186,Gloves07_HN_m,Gloves07_HN_m,4,1,6,
1187,Gloves07_Inc_f,Gloves07_Inc_f,4,1,6,
1188,Gloves07_Inc_m,Gloves07_Inc_m,4,1,6,
1189,Gloves07_Kob_f,Gloves07_Kob_f,4,1,6,
1190,Gloves07_Kob_m,Gloves07_Kob_m,4,1,6,
1191,Gloves07_Lur_f,Gloves07_Lur_f,4,1,6,
1192,Gloves07_Lur_m,Gloves07_Lur_m,4,1,6,
1193,Gloves07_SFS_f,Gloves07_SFS_f,4,1,6,
1194,Gloves07_SFS_m,Gloves07_SFS_m,4,1,6,
1195,Gloves07_Tro_f,Gloves07_Tro_f,4,1,6,
1196,Gloves07_Tro_m,Gloves07_Tro_m,4,1,6,
1197,Gloves07_Val_f,Gloves07_Val_f,4,1,6,
1198,Gloves07_Val_m,Gloves07_Val_m,4,1,6,
1199,Gloves08_AES_f,Gloves08_AES_f,4,1,6,
1200,Gloves08_AES_m,Gloves08_AES_m,4,1,6,
1201,Gloves08_BC_f,Gloves08_BC_f,4,1,6,
1202,Gloves08_BC_m,Gloves08_BC_m,4,1,6,
1203,Gloves08_Dwa_f,Gloves08_Dwa_f,4,1,6,
1204,Gloves08_Dwa_m,Gloves08_Dwa_m,4,1,6,
1205,Gloves08_Fir_f,Gloves08_Fir_f,4,1,6,
1206,Gloves08_Fir_m,Gloves08_Fir_m,4,1,6,
1207,Gloves08_Hal_f,Gloves08_Hal_f,4,1,6,
1208,Gloves08_Hal_m,Gloves08_Hal_m,4,1,6,
1209,Gloves08_HN_f,Gloves08_HN_f,4,1,6,
1210,Gloves08_HN_m,Gloves08_HN_m,4,1,6,
1211,Gloves08_Inc_f,Gloves08_Inc_f,4,1,6,
1212,Gloves08_Inc_m,Gloves08_Inc_m,4,1,6,
1213,Gloves08_Kob_f,Gloves08_Kob_f,4,1,6,
1214,Gloves08_Kob_m,Gloves08_Kob_m,4,1,6,
1215,Gloves08_Lur_f,Gloves08_Lur_f,4,1,6,
1216,Gloves08_Lur_m,Gloves08_Lur_m,4,1,6,
1217,Gloves08_SFS_f,Gloves08_SFS_f,4,1,6,
1218,Gloves08_SFS_m,Gloves08_SFS_m,4,1,6,
1219,Gloves08_Tro_f,Gloves08_Tro_f,4,1,6,
1220,Gloves08_Tro_m,Gloves08_Tro_m,4,1,6,
1221,Gloves08_Val_f,Gloves08_Val_f,4,1,6,
1222,Gloves07_Fir_m,Gloves07_Fir_m,4,1,6,
1223,Ava_M_hair05,Ava_M_hair05,4,1,15,1
1224,Ava_M_hair06,Ava_M_hair06,4,1,15,
1225,bri_m_hair05,bri_m_hair05,4,1,13,1
1227,fir_m_hair05,fir_m_hair05,4,1,16,1
1228,fir_m_hair06,fir_m_hair06,4,1,15,1
1229,hal_m_hair05,hal_m_hair05,4,1,15,
1230,hal_m_hair06,hal_m_hair06,4,1,10,
1231,Hig_M_hair05,Hig_M_hair05,4,1,15,
1232,Hig_M_hair06,Hig_M_hair06,4,1,14,
1233,inc_M_hair05,inc_M_hair05,4,1,13,1
1234,inc_M_hair06,inc_M_hair06,4,1,13,
1235,Lur_M_hair05,Lur_M_hair05,4,1,15,
1236,Lur_M_hair06,Lur_M_hair06,4,1,15,
1237,sar_m_hair05,sar_m_hair05,4,1,13,1
1238,sar_m_hair06,sar_m_hair06,4,1,15,1
1239,sha_M_Hair05,sha_M_Hair05,4,1,16,1
1240,sha_M_Hair06,sha_M_Hair06,4,1,15,
1241,syl_M_hair05,syl_M_hair05,4,1,15,
1242,syl_M_hair06,syl_M_hair06,4,1,15,
1243,dwa_m_hair05,dwa_m_hair05,4,1,15,
1244,dwa_m_hair06,dwa_m_hair06,4,1,15,
1245,Stag Body,body01_Stag,4,1,10,
1246,stag_head01,stag_head01,4,1,10,
1247,Stag Body 2,body02_Stag,4,1,10,
1248,body1_bear,body1_bear,4,1,13,
1249,Bear_head01,Bear_head01,4,1,13,
1250,body2_bear,body2_bear,4,1,13,
1251,Fro_M_hair05,Fro_M_hair05,4,1,11,
1252,cel_m_hair05,cel_m_hair05,4,1,13,1
1253,fir_m_hair07,fir_m_hair07,4,1,13,1
1254,fir_m_hair08,fir_m_hair08,4,1,15,1
1255,inc_M_hair07,inc_M_hair07,4,1,13,
1256,bri_m_hair08,bri_m_hair08,4,1,15,1
1257,bri_f_hair05,bri_f_hair05,4,1,13,1
1258,bri_f_hair05,bri_f_hair06,4,1,15,1
1259,bri_m_hair10,bri_m_hair10,4,1,15,
1260,cel_m_hair07,cel_m_hair07,4,1,15,
1261,Ava_M_hair10,Ava_M_hair10,4,1,15,
1262,Briton Hair 9,bri_m_hair09,4,1,15,
1263,Ava_M_hair07,Ava_M_hair07,4,1,15,
1264,Ava_M_hair08,Ava_M_hair08,4,1,15,
1265,Ava_M_hair09,Ava_M_hair09,4,1,15,
1266,Hig_M_hair07,Hig_M_hair07,4,1,14,
1267,Hig_M_hair08,Hig_M_hair08,4,1,15,
1268,inc_f_hair05,inc_f_hair05,4,1,15,
1269,cel_f_hair05,cel_f_hair05,4,1,14,
1270,Ico_m_hair08,Ico_m_hair08,4,1,15,
1271,Lur_M_hair07,Lur_M_hair07,4,1,15,
1272,Lur_M_hair08,Lur_M_hair08,4,1,15,
1273,ava_f_hair05,ava_f_hair05,4,1,15,
1274,ava_f_hair06,ava_f_hair06,4,1,15,
1275,hal_m_hair07,hal_m_hair07,4,1,15,
1276,Sar_M_Hair07,Sar_M_Hair07,4,1,15,
1277,Sar_M_Hair08,Sar_M_Hair08,4,1,15,
1278,lur_f_head01,lur_f_head01,4,1,15,
1279,elf_f_head01,elf_f_head01,4,1,15,
1280,fir_f_head01,fir_f_head01,4,1,15,
1281,syl_f_head01,syl_f_head01,4,1,15,
1282,bri_f_head01,bri_f_head01,4,1,14,
1283,fro_f_head01,fro_f_head01,4,1,15,
1284,ava_m_head01,ava_m_head01,4,1,15,
1285,Ava_f_Head01,Ava_f_Head01,4,1,15,
1286,Hal_f_Head01,Hal_f_Head01,4,1,14,
1287,Hal_m_Head01,Hal_m_Head01,4,1,15,
1288,hig_f_Head01,hig_f_Head01,4,1,15,
1289,Hig_m_Head01,Hig_m_Head01,4,1,15,
1290,Inc_f_Head01,Inc_f_Head01,4,1,15,
1291,Inc_m_Head01,Inc_m_Head01,4,1,15,
1292,Sar_f_Head01,Sar_f_Head01,4,1,14,
1293,sar_m_Head01,sar_m_Head01,4,1,15,
1294,val_m_head01,val_m_head01,4,1,15,
1295,val_f_head01,val_f_head01,4,1,14,
1296,dwa_f_head01,dwa_f_head01,4,1,15,
1297,dwa_m_head01,dwa_m_head01,4,1,15,
1298,kob_f_head01,kob_f_head01,4,1,15,
1299,kob_m_head01,kob_m_head01,4,1,15,
1300,nor_f_head01,nor_f_head01,4,1,16,
1301,nor_m_head01,nor_m_head01,4,1,15,
1302,sha_f_head01,sha_f_head01,4,1,15,
1303,Sha_m_Head01,Sha_m_Head01,4,1,15,
1304,fir_m_head01,fir_m_head01,4,1,15,
1305,ava_f_head01,ava_f_head01,4,1,15,
1306,bri_m_head01,bri_m_head01,4,1,15,
1307,elf_m_head01,elf_m_head01,4,1,15,
1308,lur_m_head01,lur_m_head01,4,1,15,
1309,syl_m_head01,syl_m_head01,4,1,15,
1310,tro_f_Head01,tro_f_Head01,4,1,15,
1311,Tro_m_Head01,Tro_m_Head01,4,1,15,
1312,fro_m_head01,fro_m_head01,4,1,15,
1313,Nor_m_head_Old01,Nor_m_head_Old01,4,1,16,
1314,Bri_f_head_Old01,Bri_f_head_Old01,4,1,16,
1315,Bri_m_hair_Old01,Bri_m_hair_Old01,4,1,16,
1316,Bri_m_head_Old01,Bri_m_head_Old01,4,1,16,
1317,Nor_f_head_Old01,Nor_f_head_Old01,4,1,16,
1318,Nor_m_hair_Old01,Nor_m_hair_Old01,4,1,16,
1319,Bri_f_hair_Old01,Bri_f_hair_Old01,4,1,16,
1342,Armor01_Mount_Horse,Armor01_Mount_Horse,4,1,16,
1343,Barding01_Mount_Horse,Barding01_Mount_Horse,4,1,16,
1344,Body01_Mount_Horse,Body01_Mount_Horse,4,1,16,
1345,Undead,Body01_mount_undead,4,1,16,
1346,Clydesdale,Body01_Mount_Clydesdale,4,1,16,
1347,Nightmare,Body01_Mount_Nightmare,4,1,16,
1348,Unicorn,Body01_Mount_Unicorn,4,1,16,
1349,Boots01_Albion_King,Boots01_Albion_King,5,1,17,
1350,Cloak01_Albion_King,Cloak01_Albion_King,5,1,17,
1351,Gloves01_Albion_King,Gloves01_Albion_King,5,1,17,
1352,Legs01_albion_king,Legs01_albion_king,5,1,17,
1353,Body01_Albion_King,Body01_Albion_King,5,1,17,
1354,Albion_King_Head,Albion_King_Head,5,1,17,
1355,Arms01_Albion_King,Arms01_Albion_King,5,1,17,
1356,Legs01_Midgard_King,Legs01_Midgard_King,5,1,17,
1357,Midgard_King_Head,Midgard_King_Head,5,1,17,
1358,Gloves01_Midgard_King,Gloves01_Midgard_King,5,1,17,
1359,Arms01_Midgard_King,Arms01_Midgard_King,5,1,17,
1360,Body01_Midgard_King,Body01_Midgard_King,5,1,17,
1361,Boots01_Midgard_King,Boots01_Midgard_King,5,1,17,
1362,Arms01_Hibernia_King,Arms01_Hibernia_King,5,1,17,
1363,Legs01_Hibernia_King,Legs01_Hibernia_King,5,1,17,
1364,Hibernia_King_Head,Hibernia_King_Head,5,1,17,
1365,Gloves01_Hibernia_King,Gloves01_Hibernia_King,5,1,17,
1366,Boots01_Hibernia_King,Boots01_Hibernia_King,5,1,17,
1367,Body01_Hibernia_King,Body01_Hibernia_King,5,1,17,
1368,Boots08_SKEL_m,Boots08_SKEL_m,4,1,18,
1369,Boots07_SKEL_m,Boots07_SKEL_m,4,1,18,
1370,Boots06_SKEL_m,Boots06_SKEL_m,4,1,18,
1371,Boots05_SKEL_m,Boots05_SKEL_m,4,1,18,
1372,Boots04_SKEL_m,Boots04_SKEL_m,4,1,18,
1373,Boots03_SKEL_m,Boots03_SKEL_m,4,1,18,
1374,Boots02_SKEL_m,Boots02_SKEL_m,4,1,18,
1375,Boots01_SKEL_m,Boots01_SKEL_m,4,1,18,
1376,Body08_SKEL_m,Body08_SKEL_m,4,1,18,
1377,Body07_SKEL_m,Body07_SKEL_m,4,1,18,
1378,Body06_SKEL_m,Body06_SKEL_m,4,1,18,
1379,Body05_SKEL_m,Body05_SKEL_m,4,1,18,
1380,Body04_SKEL_m,Body04_SKEL_m,4,1,18,
1381,Body03_SKEL_m,Body03_SKEL_m,4,1,18,
1382,Body02_SKEL_m,Body02_SKEL_m,4,1,18,
1383,Body01_SKEL_m,Body01_SKEL_m,4,1,18,
1384,Albion_skeleton_head01,Albion_skeleton_head01,4,1,18,
1385,Gloves08_SKEL_m,Gloves08_SKEL_m,4,1,18,
1386,Gloves07_SKEL_m,Gloves07_SKEL_m,4,1,18,
1387,Gloves06_SKEL_m,Gloves06_SKEL_m,4,1,18,
1388,Gloves05_SKEL_m,Gloves05_SKEL_m,4,1,18,
1389,Gloves04_SKEL_m,Gloves04_SKEL_m,4,1,18,
1390,Gloves03_SKEL_m,Gloves03_SKEL_m,4,1,18,
1391,Gloves02_SKEL_m,Gloves02_SKEL_m,4,1,18,
1392,Gloves01_SKEL_m,Gloves01_SKEL_m,4,1,18,
1393,Cloak01_SKEL_m,Cloak01_SKEL_m,4,1,18,
1394,Cloak02_SKEL_m,Cloak02_SKEL_m,4,1,18,
1395,Cloak03_SKEL_m,Cloak03_SKEL_m,4,1,18,
1396,Body01_Res_SKEL_m,Body01_Res_SKEL_m,4,1,18,
1397,Boots01_Res_SKEL_m,Boots01_Res_SKEL_m,4,1,18,
1398,Gloves01_Res_SKEL_m,Gloves01_Res_SKEL_m,4,1,18,
1399,Headless_Head01,Headless_Head01,4,1,19,
1400.038407,Gloves01_Min_m,Gloves01_Min_m,4,1,20,
1401.076814,Gloves02_Min_m,Gloves02_Min_m,4,1,20,
1402.11522,Gloves03_Min_m,Gloves03_Min_m,4,1,20,
1403.153627,Gloves04_Min_m,Gloves04_Min_m,4,1,20,
1404.192034,Gloves05_Min_m,Gloves05_Min_m,4,1,20,
1405.230441,Gloves06_Min_m,Gloves06_Min_m,4,1,20,
1406.268848,Gloves07_Min_m,Gloves07_Min_m,4,1,20,
1407.307255,Gloves08_Min_m,Gloves08_Min_m,4,1,20,
1408.345661,Cloak01_MinM_M,Cloak01_MinM_M,4,1,20,
1409.384068,Cloak01_MinH_M,Cloak01_MinH_M,4,1,20,
1410.422475,Cloak01_MinA_M,Cloak01_MinA_M,4,1,20,
1411.460882,Cloak02_MinM_M,Cloak02_MinM_M,4,1,20,
1412.499289,Cloak02_MinH_M,Cloak02_MinH_M,4,1,20,
1413.499289,Cloak02_MinA_M,Cloak02_MinA_M,4,1,20,
1414.499289,Cloak03_MinM_M,Cloak03_MinM_M,4,1,20,
1415.499289,Cloak03_MinH_M,Cloak03_MinH_M,4,1,20,
1416.499289,Cloak03_MinA_M,Cloak03_MinA_M,4,1,20,
1417.499289,Body01_Min_m,Body01_Min_m,4,1,20,
1418.499289,Body02_Min_m,Body02_Min_m,4,1,20,
1419.499289,Body03_Min_m,Body03_Min_m,4,1,20,
1420.499289,Body04_Min_m,Body04_Min_m,4,1,20,
1421.499289,Body05_Min_m,Body05_Min_m,4,1,20,
1422.499289,Body06_Min_m,Body06_Min_m,4,1,20,
1423.499289,Body07_Min_m,Body07_Min_m,4,1,20,
1424.499289,Body08_Min_m,Body08_Min_m,4,1,20,
1425.499289,Boots01_Min_m,Boots01_Min_m,4,1,20,
1426.499289,Boots02_Min_m,Boots02_Min_m,4,1,20,
1427.499289,Boots03_Min_m,Boots03_Min_m,4,1,20,
1428.499289,Boots04_Min_m,Boots04_Min_m,4,1,20,
1429.499289,Boots05_Min_m,Boots05_Min_m,4,1,20,
1430.499289,Boots06_Min_m,Boots06_Min_m,4,1,20,
1431.499289,Boots07_Min_m,Boots07_Min_m,4,1,20,
1432.499289,Boots08_Min_m,Boots08_Min_m,4,1,20,
1433.499289,Legs01_Min_m,Legs01_Min_m,4,1,20,
1434.499289,MinA_M_Head01,MinA_M_Head01,4,1,20,
1435.499289,Arms01_Min_m,Arms01_Min_m,4,1,20,
1436.499289,MinA_M_Hair01,MinA_M_Hair01,4,1,20,
1437.499289,MinA_M_Hair02,MinA_M_Hair02,4,1,20,
1438.499289,MinA_M_Hair03,MinA_M_Hair03,4,1,20,
1439.499289,MinA_M_Hair04,MinA_M_Hair04,4,1,20,
1440.499289,MinA_M_Hair05,MinA_M_Hair05,4,1,20,
1441.499289,MinA_M_Hair06,MinA_M_Hair06,4,1,20,
1442.499289,MinA_M_Hair07,MinA_M_Hair07,4,1,20,
1443.499289,MinA_M_Hair08,MinA_M_Hair08,4,1,20,
1444.499289,MinA_M_Hair09,MinA_M_Hair09,4,1,20,
1445.499289,MinA_M_Hair10,MinA_M_Hair10,4,1,20,
1446.499289,Corrupt_MinoHead01,Corrupt_MinoHead01,6,1,21,
1447.499289,Corrupt_MinoHead02,Corrupt_MinoHead02,6,1,21,
1448.499289,Corrupt_MinoHead03,Corrupt_MinoHead03,6,1,21,
1449.499289,MinM_M_Hair01,MinM_M_Hair01,4,1,20,
1450.499289,MinM_M_Hair02,MinM_M_Hair02,4,1,20,
1451.499289,MinM_M_Hair03,MinM_M_Hair03,4,1,20,
1452.499289,MinM_M_Hair04,MinM_M_Hair04,4,1,20,
1453.499289,MinM_M_Hair05,MinM_M_Hair05,4,1,20,
1454.499289,MinM_M_Hair06,MinM_M_Hair06,4,1,20,
1455.499289,MinM_M_Hair07,MinM_M_Hair07,4,1,20,
1456.499289,MinM_M_Hair08,MinM_M_Hair08,4,1,20,
1457.499289,MinM_M_Hair09,MinM_M_Hair09,4,1,20,
1458.499289,MinM_M_Hair10,MinM_M_Hair10,4,1,20,
1459.499289,MinH_M_Hair01,MinH_M_Hair01,4,1,20,
1460.499289,MinH_M_Hair02,MinH_M_Hair02,4,1,20,
1461.499289,MinH_M_Hair03,MinH_M_Hair03,4,1,20,
1462.499289,MinH_M_Hair04,MinH_M_Hair04,4,1,20,
1463.499289,MinH_M_Hair05,MinH_M_Hair05,4,1,20,
1464.499289,MinH_M_Hair06,MinH_M_Hair06,4,1,20,
1465.499289,MinH_M_Hair07,MinH_M_Hair07,4,1,20,
1466.499289,MinH_M_Hair08,MinH_M_Hair08,4,1,20,
1467.499289,MinH_M_Hair09,MinH_M_Hair09,4,1,20,
1468.499289,MinH_M_Hair10,MinH_M_Hair10,4,1,20,
1469,Mino_Skele_Head01,Mino_Skele_Head01,6,1,21,
1470,Celt Bainshee Tunic Body,body02_CeltBainshee,4,1,2,
1471,Elf Bainshee Tunic Body,body02_elf_bainshee,4,1,2,
1472,Lurikeen Bainshee Tunic Body,body02_luriBainshee,4,1,2,
1473,Werewolf_m_Head01,Werewolf_m_Head01,4,0,21,
1475,Werewolf_m_Arms01,Werewolf_m_Arms01,4,0,21,
1476,Body01_Werewolf_m,Body01_Werewolf_m,4,0,21,
1477,Body02_Werewolf_m,Body02_Werewolf_m,4,0,21,
1478,Body03_Werewolf_m,Body03_Werewolf_m,4,0,21,
1479,body04_Werewolf_m,body04_Werewolf_m,4,0,21,
1480,body05_Werewolf_m,body05_Werewolf_m,4,0,21,
1481,Body06_Werewolf_m,Body06_Werewolf_m,4,0,21,
1482,Body08_Werewolf_m,Body08_Werewolf_m,4,0,21,
1483,Werewolf_m_Boots01,Werewolf_m_Boots01,4,0,21,
1484,Gloves02_Werewolf_m,Gloves02_Werewolf_m,4,0,21,
1485,Gloves03_Werewolf_m,Gloves03_Werewolf_m,4,0,21,
1486,Gloves04_Werewolf_m,Gloves04_Werewolf_m,4,0,21,
1487,Gloves05_Werewolf_m,Gloves05_Werewolf_m,4,0,21,
1488,Gloves06_Werewolf_m,Gloves06_Werewolf_m,4,0,21,
1489,Gloves07_Werewolf_m,Gloves07_Werewolf_m,4,0,21,
1490,Gloves08_Werewolf_m,Gloves08_Werewolf_m,4,0,21,
1491,Gloves01_Werewolf_m,Gloves01_Werewolf_m,4,0,21,
1492,Male Briton/Celt Dragonsworn Light Helm,ADR_Dragonsworn_Helm_Light_BC_m,4,0,22,
1493,Male Briton/Celt Dragonsworn Med Helm,ADR_Dragonsworn_Helm_Medium_BC_m,4,0,22,
1494,Male Briton/Celt Dragonsworn Heavy Helm,ADR_Dragonsworn_Helm_Heavy_BC_m,4,0,22,
1495,Female Briton/Celt Dragonsworn Light Helm,ADR_Dragonsworn_Helm_Light_BC_f,4,0,22,
1496,Female Briton/Celt Dragonsworn Med Helm,ADR_Dragonsworn_Helm_Medium_BC_f,4,0,22,
1497,Female Briton/Celt Dragonsworn Heavy Helm,ADR_Dragonsworn_Helm_Heavy_BC_f,4,0,22,
1498,Male Aval/Elf Dragonsworn Light Helm,ADR_Dragonsworn_Helm_Light_AE_m,4,0,22,
1499,Male Aval/Elf Dragonsworn Med Helm,ADR_Dragonsworn_Helm_Medium_AE_m,4,0,22,
1500,Male Aval/Elf Dragonsworn Heavy Helm,ADR_Dragonsworn_Helm_Heavy_AE_m,4,0,22,
1501,Female Aval/Elf Dragonsworn Light Helm,ADR_Dragonsworn_Helm_Light_AE_f,4,0,22,
1502,Female Aval/Elf Dragonsworn Med Helm,ADR_Dragonsworn_Helm_Medium_AE_f,4,0,22,
1503,Female Aval/Elf Dragonsworn Heavy Helm,ADR_Dragonsworn_Helm_Heavy_AE_f,4,0,22,
1504,Male Norse/High Dragonsworn Light Helm,ADR_Dragonsworn_Helm_Light_HN_m,4,0,22,
1505,Male Norse/High Dragonsworn Med Helm,ADR_Dragonsworn_Helm_Medium_HN_m,4,0,22,
1506,Male Norse/High Dragonsworn Heavy Helm,ADR_Dragonsworn_Helm_Heavy_HN_m,4,0,22,
1507,Female Norse/High Dragonsworn Light Helm,ADR_Dragonsworn_Helm_Light_HN_f,4,0,22,
1508,Female Norse/High Dragonsworn Med Helm,ADR_Dragonsworn_Helm_Medium_HN_f,4,0,22,
1509,Female Norse/High Dragonsworn Heavy Helm,ADR_Dragonsworn_Helm_Heavy_HN_f,4,0,22,
1510,Male Firbolg Dragonsworn Light Helm,ADR_Dragonsworn_Helm_Light_Fir_m,4,0,22,
1511,Male Firbolg Dragonsworn Med Helm,ADR_Dragonsworn_Helm_Medium_Fir_m,4,0,22,
1512,Male Firbolg Dragonsworn Heavy Helm,ADR_Dragonsworn_Helm_Heavy_Fir_m,4,0,22,
1513,Female Firbolg Dragonsworn Light Helm,ADR_Dragonsworn_Helm_Light_Fir_f,4,0,22,
1514,Female Firbolg Dragonsworn Med Helm,ADR_Dragonsworn_Helm_Medium_Fir_f,4,0,22,
1515,Female Firbolg Dragonsworn Heavy Helm,ADR_Dragonsworn_Helm_Heavy_Fir_f,4,0,22,
1516,Male Inconnu Dragonsworn Light Helm,ADR_Dragonsworn_Helm_Light_Inc_m,4,0,22,
1517,Male Inconnu Dragonsworn Med Helm,ADR_Dragonsworn_Helm_Medium_Inc_m,4,0,22,
1518,Male Inconnu Dragonsworn Heavy Helm,ADR_Dragonsworn_Helm_Heavy_Inc_m,4,0,22,
1519,Female Inconnu Dragonsworn Light Helm,ADR_Dragonsworn_Helm_Light_Inc_f,4,0,22,
1520,Female Inconnu Dragonsworn Med Helm,ADR_Dragonsworn_Helm_Medium_Inc_f,4,0,22,
1521,Female Inconnu Dragonsworn Heavy Helm,ADR_Dragonsworn_Helm_Heavy_Inc_f,4,0,22,
1522,Male Shar/Fros/Sarc Dragonsworn Light Helm,ADR_Dragonsworn_Helm_Light_SFS_m,4,0,22,
1523,Male Shar/Fros/Sarc Dragonsworn Med Helm,ADR_Dragonsworn_Helm_Medium_SFS_m,4,0,22,
1524,Male Shar/Fros/Sarc Dragonsworn Heavy Helm,ADR_Dragonsworn_Helm_Heavy_SFS_m,4,0,22,
1525,Female Shar/Fros/Sarc Dragonsworn Light Helm,ADR_Dragonsworn_Helm_Light_SFS_f,4,0,22,
1526,Female Shar/Fros/Sarc Dragonsworn Med Helm,ADR_Dragonsworn_Helm_Medium_SFS_f,4,0,22,
1527,Female Shar/Fros/Sarc Dragonsworn Heavy Helm,ADR_Dragonsworn_Helm_Heavy_SFS_f,4,0,22,
1528,Male Dwarf Dragonsworn Light Helm,ADR_Dragonsworn_Helm_Light_Dwa_m,4,0,22,
1529,Male Dwarf Dragonsworn Med Helm,ADR_Dragonsworn_Helm_Medium_Dwa_m,4,0,22,
1530,Male Dwarf Dragonsworn Heavy Helm,ADR_Dragonsworn_Helm_Heavy_Dwa_m,4,0,22,
1531,Female Dwarf Dragonsworn Light Helm,ADR_Dragonsworn_Helm_Light_Dwa_f,4,0,22,
1532,Female Dwarf Dragonsworn Med Helm,ADR_Dragonsworn_Helm_Medium_Dwa_f,4,0,22,
1533,Female Dwarf Dragonsworn Heavy Helm,ADR_Dragonsworn_Helm_Heavy_Dwa_f,4,0,22,
1534,Male Kobold Dragonsworn Light Helm,ADR_Dragonsworn_Helm_Light_Kob_m,4,0,22,
1535,Male Kobold Dragonsworn Med Helm,ADR_Dragonsworn_Helm_Medium_Kob_m,4,0,22,
1536,Male Kobold Dragonsworn Heavy Helm,ADR_Dragonsworn_Helm_Heavy_Kob_m,4,0,22,
1537,Female Kobold Dragonsworn Light Helm,ADR_Dragonsworn_Helm_Light_Kob_f,4,0,22,
1538,Female Kobold Dragonsworn Med Helm,ADR_Dragonsworn_Helm_Medium_Kob_f,4,0,22,
1539,Female Kobold Dragonsworn Heavy Helm,ADR_Dragonsworn_Helm_Heavy_Kob_f,4,0,22,
1540,Male Valkyn Dragonsworn Light Helm,ADR_Dragonsworn_Helm_Light_Val_m,4,0,22,
1541,Male Valkyn Dragonsworn Med Helm,ADR_Dragonsworn_Helm_Medium_Val_m,4,0,22,
1542,Male Valkyn Dragonsworn Heavy Helm,ADR_Dragonsworn_Helm_Heavy_Val_m,4,0,22,
1543,Female Valkyn Dragonsworn Light Helm,ADR_Dragonsworn_Helm_Light_Val_f,4,0,22,
1544,Female Valkyn Dragonsworn Med Helm,ADR_Dragonsworn_Helm_Medium_Val_f,4,0,22,
1545,Female Valkyn Dragonsworn Heavy Helm,ADR_Dragonsworn_Helm_Heavy_Val_f,4,0,22,
1546,Male HalfOgre Dragonsworn Light Helm,ADR_Dragonsworn_Helm_Light_Hal_m,4,0,22,
1547,Male HalfOgre Dragonsworn Med Helm,ADR_Dragonsworn_Helm_Medium_Hal_m,4,0,22,
1548,Male HalfOgre Dragonsworn Heavy Helm,ADR_Dragonsworn_Helm_Heavy_Hal_m,4,0,22,
1549,Female HalfOgre Dragonsworn Light Helm,ADR_Dragonsworn_Helm_Light_Hal_f,4,0,22,
1550,Female HalfOgre Dragonsworn Med Helm,ADR_Dragonsworn_Helm_Medium_Hal_f,4,0,22,
1551,Female HalfOgre Dragonsworn Heavy Helm,ADR_Dragonsworn_Helm_Heavy_Hal_f,4,0,22,
1552,Male Troll Dragonsworn Light Helm,ADR_Dragonsworn_Helm_Light_Tro_m,4,0,22,
1553,Male Troll Dragonsworn Med Helm,ADR_Dragonsworn_Helm_Medium_Tro_m,4,0,22,
1554,Male Troll Dragonsworn Heavy Helm,ADR_Dragonsworn_Helm_Heavy_Tro_m,4,0,22,
1555,Female Troll Dragonsworn Light Helm,ADR_Dragonsworn_Helm_Light_Tro_f,4,0,22,
1556,Female Troll Dragonsworn Med Helm,ADR_Dragonsworn_Helm_Medium_Tro_f,4,0,22,
1557,Female Troll Dragonsworn Heavy Helm,ADR_Dragonsworn_Helm_Heavy_Tro_f,4,0,22,
1558,Male Lurikeen Dragonsworn Light Helm,ADR_Dragonsworn_Helm_Light_Lur_m,4,0,22,
1559,Male Lurikeen Dragonsworn Med Helm,ADR_Dragonsworn_Helm_Medium_Lur_m,4,0,22,
1560,Male Lurikeen Dragonsworn Heavy Helm,ADR_Dragonsworn_Helm_Heavy_Lur_m,4,0,22,
1561,Female Lurikeen Dragonsworn Light Helm,ADR_Dragonsworn_Helm_Light_Lur_f,4,0,22,
1562,Female Lurikeen Dragonsworn Med Helm,ADR_Dragonsworn_Helm_Medium_Lur_f,4,0,22,
1563,Female Lurikeen Dragonsworn Heavy Helm,ADR_Dragonsworn_Helm_Heavy_Lur_f,4,0,22,
1564,Male Sylvan Dragonsworn Light Helm,ADR_Dragonsworn_Helm_Light_Syl_m,4,0,22,
1565,Male Sylvan Dragonsworn Med Helm,ADR_Dragonsworn_Helm_Medium_Syl_m,4,0,22,
1566,Male Sylvan Dragonsworn Heavy Helm,ADR_Dragonsworn_Helm_Heavy_Syl_m,4,0,22,
1567,Female Sylvan Dragonsworn Light Helm,ADR_Dragonsworn_Helm_Light_Syl_f,4,0,22,
1568,Female Sylvan Dragonsworn Med Helm,ADR_Dragonsworn_Helm_Medium_Syl_f,4,0,22,
1569,Female Sylvan Dragonsworn Heavy Helm,ADR_Dragonsworn_Helm_Heavy_Syl_f,4,0,22,
1570,ADR_Dragonslayer_Alb_Helm_Heavy_AE_f,ADR_Dragonslayer_Alb_Helm_Heavy_AE_f,4,0,23,
1571,ADR_Dragonslayer_Alb_Helm_Heavy_AE_m,ADR_Dragonslayer_Alb_Helm_Heavy_AE_m,4,0,23,
1572,ADR_Dragonslayer_Hib_Helm_Heavy_AE_f,ADR_Dragonslayer_Hib_Helm_Heavy_AE_f,4,0,23,
1573,ADR_Dragonslayer_Hib_Helm_Heavy_AE_m,ADR_Dragonslayer_Hib_Helm_Heavy_AE_m,4,0,23,
1574,ADR_Dragonslayer_Mid_Helm_Heavy_AE_f,ADR_Dragonslayer_Mid_Helm_Heavy_AE_f,4,0,23,
1575,ADR_Dragonslayer_Mid_Helm_Heavy_AE_m,ADR_Dragonslayer_Mid_Helm_Heavy_AE_m,4,0,23,
1576,ADR_Dragonslayer_Alb_Helm_Medium_AE_f,ADR_Dragonslayer_Alb_Helm_Medium_AE_f,4,0,23,
1577,ADR_Dragonslayer_Alb_Helm_Medium_AE_m,ADR_Dragonslayer_Alb_Helm_Medium_AE_m,4,0,23,
1578,ADR_Dragonslayer_Hib_Helm_Medium_AE_f,ADR_Dragonslayer_Hib_Helm_Medium_AE_f,4,0,23,
1579,ADR_Dragonslayer_Hib_Helm_Medium_AE_m,ADR_Dragonslayer_Hib_Helm_Medium_AE_m,4,0,23,
1580,ADR_Dragonslayer_Mid_Helm_Medium_AE_f,ADR_Dragonslayer_Mid_Helm_Medium_AE_f,4,0,23,
1581,ADR_Dragonslayer_Mid_Helm_Medium_AE_m,ADR_Dragonslayer_Mid_Helm_Medium_AE_m,4,0,23,
1582,ADR_Dragonslayer_Alb_Helm_Light_AE_f,ADR_Dragonslayer_Alb_Helm_Light_AE_f,4,0,23,
1583,ADR_Dragonslayer_Alb_Helm_Light_AE_m,ADR_Dragonslayer_Alb_Helm_Light_AE_m,4,0,23,
1584,ADR_Dragonslayer_Hib_Helm_Light_AE_f,ADR_Dragonslayer_Hib_Helm_Light_AE_f,4,0,23,
1585,ADR_Dragonslayer_Hib_Helm_Light_AE_m,ADR_Dragonslayer_Hib_Helm_Light_AE_m,4,0,23,
1586,ADR_Dragonslayer_Mid_Helm_Light_AE_f,ADR_Dragonslayer_Mid_Helm_Light_AE_f,4,0,23,
1587,ADR_Dragonslayer_Mid_Helm_Light_AE_m,ADR_Dragonslayer_Mid_Helm_Light_AE_m,4,0,23,
1588,ADR_Dragonslayer_Alb_Helm_Heavy_BC_f,ADR_Dragonslayer_Alb_Helm_Heavy_BC_f,4,0,23,
1589,ADR_Dragonslayer_Alb_Helm_Heavy_BC_m,ADR_Dragonslayer_Alb_Helm_Heavy_BC_m,4,0,23,
1590,ADR_Dragonslayer_Hib_Helm_Heavy_BC_f,ADR_Dragonslayer_Hib_Helm_Heavy_BC_f,4,0,23,
1591,ADR_Dragonslayer_Hib_Helm_Heavy_BC_m,ADR_Dragonslayer_Hib_Helm_Heavy_BC_m,4,0,23,
1592,ADR_Dragonslayer_Mid_Helm_Heavy_BC_f,ADR_Dragonslayer_Mid_Helm_Heavy_BC_f,4,0,23,
1593,ADR_Dragonslayer_Mid_Helm_Heavy_BC_m,ADR_Dragonslayer_Mid_Helm_Heavy_BC_m,4,0,23,
1594,ADR_Dragonslayer_Alb_Helm_Medium_BC_f,ADR_Dragonslayer_Alb_Helm_Medium_BC_f,4,0,23,
1595,ADR_Dragonslayer_Alb_Helm_Medium_BC_m,ADR_Dragonslayer_Alb_Helm_Medium_BC_m,4,0,23,
1596,ADR_Dragonslayer_Hib_Helm_Medium_BC_f,ADR_Dragonslayer_Hib_Helm_Medium_BC_f,4,0,23,
1597,ADR_Dragonslayer_Hib_Helm_Medium_BC_m,ADR_Dragonslayer_Hib_Helm_Medium_BC_m,4,0,23,
1598,ADR_Dragonslayer_Mid_Helm_Medium_BC_m,ADR_Dragonslayer_Mid_Helm_Medium_BC_f,4,0,23,
1599,ADR_Dragonslayer_Mid_Helm_Medium_BC_f,ADR_Dragonslayer_Mid_Helm_Medium_BC_m,4,0,23,
1600,ADR_Dragonslayer_Alb_Helm_Light_BC_f,ADR_Dragonslayer_Alb_Helm_Light_BC_f,4,0,23,
1601,ADR_Dragonslayer_Alb_Helm_Light_BC_m,ADR_Dragonslayer_Alb_Helm_Light_BC_m,4,0,23,
1602,ADR_Dragonslayer_Hib_Helm_Light_BC_f,ADR_Dragonslayer_Hib_Helm_Light_BC_f,4,0,23,
1603,ADR_Dragonslayer_Hib_Helm_Light_BC_m,ADR_Dragonslayer_Hib_Helm_Light_BC_m,4,0,23,
1604,ADR_Dragonslayer_Mid_Helm_Light_BC_f,ADR_Dragonslayer_Mid_Helm_Light_BC_f,4,0,23,
1605,ADR_Dragonslayer_Mid_Helm_Light_BC_m,ADR_Dragonslayer_Mid_Helm_Light_BC_m,4,0,23,
1606,ADR_Dragonslayer_Alb_Helm_Heavy_Dwa_f,ADR_Dragonslayer_Alb_Helm_Heavy_Dwa_f,4,0,23,
1607,ADR_Dragonslayer_Alb_Helm_Heavy_Dwa_m,ADR_Dragonslayer_Alb_Helm_Heavy_Dwa_m,4,0,23,
1608,ADR_Dragonslayer_Hib_Helm_Heavy_Dwa_f,ADR_Dragonslayer_Hib_Helm_Heavy_Dwa_f,4,0,23,
1609,ADR_Dragonslayer_Hib_Helm_Heavy_Dwa_m,ADR_Dragonslayer_Hib_Helm_Heavy_Dwa_m,4,0,23,
1610,ADR_Dragonslayer_Mid_Helm_Heavy_Dwa_f,ADR_Dragonslayer_Mid_Helm_Heavy_Dwa_f,4,0,23,
1611,ADR_Dragonslayer_Mid_Helm_Heavy_Dwa_m,ADR_Dragonslayer_Mid_Helm_Heavy_Dwa_m,4,0,23,
1612,ADR_Dragonslayer_Alb_Helm_Medium_Dwa_f,ADR_Dragonslayer_Alb_Helm_Medium_Dwa_f,4,0,23,
1613,ADR_Dragonslayer_Alb_Helm_Medium_Dwa_m,ADR_Dragonslayer_Alb_Helm_Medium_Dwa_m,4,0,23,
1614,ADR_Dragonslayer_Hib_Helm_Medium_Dwa_f,ADR_Dragonslayer_Hib_Helm_Medium_Dwa_f,4,0,23,
1615,ADR_Dragonslayer_Hib_Helm_Medium_Dwa_m,ADR_Dragonslayer_Hib_Helm_Medium_Dwa_m,4,0,23,
1616,ADR_Dragonslayer_Mid_Helm_Medium_Dwa_f,ADR_Dragonslayer_Mid_Helm_Medium_Dwa_f,4,0,23,
1617,ADR_Dragonslayer_Mid_Helm_Medium_Dwa_m,ADR_Dragonslayer_Mid_Helm_Medium_Dwa_m,4,0,23,
1618,ADR_Dragonslayer_Alb_Helm_Light_Dwa_f,ADR_Dragonslayer_Alb_Helm_Light_Dwa_f,4,0,23,
1619,ADR_Dragonslayer_Alb_Helm_Light_Dwa_m,ADR_Dragonslayer_Alb_Helm_Light_Dwa_m,4,0,23,
1620,ADR_Dragonslayer_Hib_Helm_Light_Dwa_f,ADR_Dragonslayer_Hib_Helm_Light_Dwa_f,4,0,23,
1621,ADR_Dragonslayer_Hib_Helm_Light_Dwa_m,ADR_Dragonslayer_Hib_Helm_Light_Dwa_m,4,0,23,
1622,ADR_Dragonslayer_Alb_Helm_Heavy_Fir_f,ADR_Dragonslayer_Alb_Helm_Heavy_Fir_f,4,0,23,
1623,ADR_Dragonslayer_Alb_Helm_Heavy_Fir_m,ADR_Dragonslayer_Alb_Helm_Heavy_Fir_m,4,0,23,
1624,ADR_Dragonslayer_Hib_Helm_Heavy_Fir_f,ADR_Dragonslayer_Hib_Helm_Heavy_Fir_f,4,0,23,
1625,ADR_Dragonslayer_Hib_Helm_Heavy_Fir_m,ADR_Dragonslayer_Hib_Helm_Heavy_Fir_m,4,0,23,
1626,ADR_Dragonslayer_Mid_Helm_Heavy_Fir_f,ADR_Dragonslayer_Mid_Helm_Heavy_Fir_f,4,0,23,
1627,ADR_Dragonslayer_Mid_Helm_Heavy_Fir_m,ADR_Dragonslayer_Mid_Helm_Heavy_Fir_m,4,0,23,
1628,ADR_Dragonslayer_Alb_Helm_Medium_Fir_f,ADR_Dragonslayer_Alb_Helm_Medium_Fir_f,4,0,23,
1629,ADR_Dragonslayer_Alb_Helm_Medium_Fir_m,ADR_Dragonslayer_Alb_Helm_Medium_Fir_m,4,0,23,
1630,ADR_Dragonslayer_Hib_Helm_Medium_Fir_f,ADR_Dragonslayer_Hib_Helm_Medium_Fir_f,4,0,23,
1631,ADR_Dragonslayer_Hib_Helm_Medium_Fir_m,ADR_Dragonslayer_Hib_Helm_Medium_Fir_m,4,0,23,
1632,ADR_Dragonslayer_Mid_Helm_Medium_Fir_f,ADR_Dragonslayer_Mid_Helm_Medium_Fir_f,4,0,23,
1633,ADR_Dragonslayer_Mid_Helm_Medium_Fir_m,ADR_Dragonslayer_Mid_Helm_Medium_Fir_m,4,0,23,
1634,ADR_Dragonslayer_Alb_Helm_Light_Fir_f,ADR_Dragonslayer_Alb_Helm_Light_Fir_f,4,0,23,
1635,ADR_Dragonslayer_Alb_Helm_Light_Fir_m,ADR_Dragonslayer_Alb_Helm_Light_Fir_m,4,0,23,
1636,ADR_Dragonslayer_Alb_Helm_Heavy_Hal_f,ADR_Dragonslayer_Alb_Helm_Heavy_Hal_f,4,0,23,
1637,ADR_Dragonslayer_Alb_Helm_Heavy_Hal_m,ADR_Dragonslayer_Alb_Helm_Heavy_Hal_m,4,0,23,
1638,ADR_Dragonslayer_Hib_Helm_Heavy_Hal_f,ADR_Dragonslayer_Hib_Helm_Heavy_Hal_f,4,0,23,
1639,ADR_Dragonslayer_Hib_Helm_Heavy_Hal_m,ADR_Dragonslayer_Hib_Helm_Heavy_Hal_m,4,0,23,
1640,ADR_Dragonslayer_Mid_Helm_Heavy_Hal_f,ADR_Dragonslayer_Mid_Helm_Heavy_Hal_f,4,0,23,
1641,ADR_Dragonslayer_Mid_Helm_Heavy_Hal_m,ADR_Dragonslayer_Mid_Helm_Heavy_Hal_m,4,0,23,
1642,ADR_Dragonslayer_Alb_Helm_Medium_Hal_f,ADR_Dragonslayer_Alb_Helm_Medium_Hal_f,4,0,23,
1643,ADR_Dragonslayer_Alb_Helm_Medium_Hal_m,ADR_Dragonslayer_Alb_Helm_Medium_Hal_m,4,0,23,
1644,ADR_Dragonslayer_Hib_Helm_Medium_Hal_f,ADR_Dragonslayer_Hib_Helm_Medium_Hal_f,4,0,23,
1645,ADR_Dragonslayer_Hib_Helm_Medium_Hal_m,ADR_Dragonslayer_Hib_Helm_Medium_Hal_m,4,0,23,
1646,ADR_Dragonslayer_Mid_Helm_Medium_Hal_f,ADR_Dragonslayer_Mid_Helm_Medium_Hal_f,4,0,23,
1647,ADR_Dragonslayer_Mid_Helm_Medium_Hal_m,ADR_Dragonslayer_Mid_Helm_Medium_Hal_m,4,0,23,
1648,ADR_Dragonslayer_Alb_Helm_Light_Hal_f,ADR_Dragonslayer_Alb_Helm_Light_Hal_f,4,0,23,
1649,ADR_Dragonslayer_Alb_Helm_Light_Hal_m,ADR_Dragonslayer_Alb_Helm_Light_Hal_m,4,0,23,
1650,ADR_Dragonslayer_Hib_Helm_Light_Hal_f,ADR_Dragonslayer_Hib_Helm_Light_Hal_f,4,0,23,
1651,ADR_Dragonslayer_Hib_Helm_Light_Hal_m,ADR_Dragonslayer_Hib_Helm_Light_Hal_m,4,0,23,
1652,ADR_Dragonslayer_Mid_Helm_Light_Hal_f,ADR_Dragonslayer_Mid_Helm_Light_Hal_f,4,0,23,
1653,ADR_Dragonslayer_Mid_Helm_Light_Hal_m,ADR_Dragonslayer_Mid_Helm_Light_Hal_m,4,0,23,
1654,ADR_Dragonslayer_Alb_Helm_Heavy_HN_f,ADR_Dragonslayer_Alb_Helm_Heavy_HN_f,4,0,23,
1655,ADR_Dragonslayer_Alb_Helm_Heavy_HN_m,ADR_Dragonslayer_Alb_Helm_Heavy_HN_m,4,0,23,
1656,ADR_Dragonslayer_Hib_Helm_Heavy_HN_f,ADR_Dragonslayer_Hib_Helm_Heavy_HN_f,4,0,23,
1657,ADR_Dragonslayer_Hib_Helm_Heavy_HN_m,ADR_Dragonslayer_Hib_Helm_Heavy_HN_m,4,0,23,
1658,ADR_Dragonslayer_Mid_Helm_Heavy_HN_f,ADR_Dragonslayer_Mid_Helm_Heavy_HN_f,4,0,23,
1659,ADR_Dragonslayer_Mid_Helm_Heavy_HN_m,ADR_Dragonslayer_Mid_Helm_Heavy_HN_m,4,0,23,
1660,ADR_Dragonslayer_Alb_Helm_Medium_HN_f,ADR_Dragonslayer_Alb_Helm_Medium_HN_f,4,0,23,
1661,ADR_Dragonslayer_Alb_Helm_Medium_HN_m,ADR_Dragonslayer_Alb_Helm_Medium_HN_m,4,0,23,
1662,ADR_Dragonslayer_Hib_Helm_Medium_HN_f,ADR_Dragonslayer_Hib_Helm_Medium_HN_f,4,0,23,
1663,ADR_Dragonslayer_Hib_Helm_Medium_HN_m,ADR_Dragonslayer_Hib_Helm_Medium_HN_m,4,0,23,
1664,ADR_Dragonslayer_Mid_Helm_Medium_HN_f,ADR_Dragonslayer_Mid_Helm_Medium_HN_f,4,0,23,
1665,ADR_Dragonslayer_Mid_Helm_Medium_HN_m,ADR_Dragonslayer_Mid_Helm_Medium_HN_m,4,0,23,
1666,ADR_Dragonslayer_Alb_Helm_Light_HN_f,ADR_Dragonslayer_Alb_Helm_Light_HN_f,4,0,23,
1667,ADR_Dragonslayer_Alb_Helm_Light_HN_m,ADR_Dragonslayer_Alb_Helm_Light_HN_m,4,0,23,
1668,ADR_Dragonslayer_Hib_Helm_Light_HN_f,ADR_Dragonslayer_Hib_Helm_Light_HN_f,4,0,23,
1669,ADR_Dragonslayer_Hib_Helm_Light_HN_m,ADR_Dragonslayer_Hib_Helm_Light_HN_m,4,0,23,
1670,ADR_Dragonslayer_Mid_Helm_Light_HN_f,ADR_Dragonslayer_Mid_Helm_Light_HN_f,4,0,23,
1671,ADR_Dragonslayer_Mid_Helm_Light_HN_m,ADR_Dragonslayer_Mid_Helm_Light_HN_m,4,0,23,
1672,ADR_Dragonslayer_Alb_Helm_Heavy_Inc_f,ADR_Dragonslayer_Alb_Helm_Heavy_Inc_f,4,0,23,
1673,ADR_Dragonslayer_Alb_Helm_Heavy_Inc_m,ADR_Dragonslayer_Alb_Helm_Heavy_Inc_m,4,0,23,
1674,ADR_Dragonslayer_Hib_Helm_Heavy_Inc_f,ADR_Dragonslayer_Hib_Helm_Heavy_Inc_f,4,0,23,
1675,ADR_Dragonslayer_Hib_Helm_Heavy_Inc_m,ADR_Dragonslayer_Hib_Helm_Heavy_Inc_m,4,0,23,
1676,ADR_Dragonslayer_Mid_Helm_Heavy_Inc_f,ADR_Dragonslayer_Mid_Helm_Heavy_Inc_f,4,0,23,
1677,ADR_Dragonslayer_Mid_Helm_Heavy_Inc_m,ADR_Dragonslayer_Mid_Helm_Heavy_Inc_m,4,0,23,
1678,ADR_Dragonslayer_Alb_Helm_Medium_Inc_f,ADR_Dragonslayer_Alb_Helm_Medium_Inc_f,4,0,23,
1679,ADR_Dragonslayer_Alb_Helm_Medium_Inc_m,ADR_Dragonslayer_Alb_Helm_Medium_Inc_m,4,0,23,
1680,ADR_Dragonslayer_Hib_Helm_Medium_Inc_f,ADR_Dragonslayer_Hib_Helm_Medium_Inc_f,4,0,23,
1681,ADR_Dragonslayer_Hib_Helm_Medium_Inc_m,ADR_Dragonslayer_Hib_Helm_Medium_Inc_m,4,0,23,
1682,ADR_Dragonslayer_Mid_Helm_Medium_Inc_f,ADR_Dragonslayer_Mid_Helm_Medium_Inc_f,4,0,23,
1683,ADR_Dragonslayer_Mid_Helm_Medium_Inc_m,ADR_Dragonslayer_Mid_Helm_Medium_Inc_m,4,0,23,
1684,ADR_Dragonslayer_Alb_Helm_Light_Inc_f,ADR_Dragonslayer_Alb_Helm_Light_Inc_f,4,0,23,
1685,ADR_Dragonslayer_Alb_Helm_Light_Inc_m,ADR_Dragonslayer_Alb_Helm_Light_Inc_m,4,0,23,
1686,ADR_Dragonslayer_Hib_Helm_Light_Inc_f,ADR_Dragonslayer_Hib_Helm_Light_Inc_f,4,0,23,
1687,ADR_Dragonslayer_Hib_Helm_Light_Inc_m,ADR_Dragonslayer_Hib_Helm_Light_Inc_m,4,0,23,
1688,ADR_Dragonslayer_Mid_Helm_Light_Inc_f,ADR_Dragonslayer_Mid_Helm_Light_Inc_f,4,0,23,
1689,ADR_Dragonslayer_Mid_Helm_Light_Inc_m,ADR_Dragonslayer_Mid_Helm_Light_Inc_m,4,0,23,
1690,ADR_Dragonslayer_Alb_Helm_Heavy_Kob_f,ADR_Dragonslayer_Alb_Helm_Heavy_Kob_f,4,0,23,
1691,ADR_Dragonslayer_Alb_Helm_Heavy_Kob_m,ADR_Dragonslayer_Alb_Helm_Heavy_Kob_m,4,0,23,
1692,ADR_Dragonslayer_Hib_Helm_Heavy_Kob_f,ADR_Dragonslayer_Hib_Helm_Heavy_Kob_f,4,0,23,
1693,ADR_Dragonslayer_Hib_Helm_Heavy_Kob_m,ADR_Dragonslayer_Hib_Helm_Heavy_Kob_m,4,0,23,
1694,ADR_Dragonslayer_Mid_Helm_Heavy_Kob_f,ADR_Dragonslayer_Mid_Helm_Heavy_Kob_f,4,0,23,
1695,ADR_Dragonslayer_Mid_Helm_Heavy_Kob_m,ADR_Dragonslayer_Mid_Helm_Heavy_Kob_m,4,0,23,
1696,ADR_Dragonslayer_Alb_Helm_Medium_Kob_f,ADR_Dragonslayer_Alb_Helm_Medium_Kob_f,4,0,23,
1697,ADR_Dragonslayer_Alb_Helm_Medium_Kob_m,ADR_Dragonslayer_Alb_Helm_Medium_Kob_m,4,0,23,
1698,ADR_Dragonslayer_Hib_Helm_Medium_Kob_f,ADR_Dragonslayer_Hib_Helm_Medium_Kob_f,4,0,23,
1699,ADR_Dragonslayer_Hib_Helm_Medium_Kob_m,ADR_Dragonslayer_Hib_Helm_Medium_Kob_m,4,0,23,
1700,ADR_Dragonslayer_Mid_Helm_Medium_Kob_f,ADR_Dragonslayer_Mid_Helm_Medium_Kob_f,4,0,23,
1701,ADR_Dragonslayer_Mid_Helm_Medium_Kob_m,ADR_Dragonslayer_Mid_Helm_Medium_Kob_m,4,0,23,
1702,ADR_Dragonslayer_Alb_Helm_Light_Kob_f,ADR_Dragonslayer_Alb_Helm_Light_Kob_f,4,0,23,
1703,ADR_Dragonslayer_Alb_Helm_Light_Kob_m,ADR_Dragonslayer_Alb_Helm_Light_Kob_m,4,0,23,
1704,ADR_Dragonslayer_Hib_Helm_Light_Kob_f,ADR_Dragonslayer_Hib_Helm_Light_Kob_f,4,0,23,
1705,ADR_Dragonslayer_Hib_Helm_Light_Kob_m,ADR_Dragonslayer_Hib_Helm_Light_Kob_m,4,0,23,
1706,ADR_Dragonslayer_Mid_Helm_Light_Kob_f,ADR_Dragonslayer_Mid_Helm_Light_Kob_f,4,0,23,
1707,ADR_Dragonslayer_Mid_Helm_Light_Kob_m,ADR_Dragonslayer_Mid_Helm_Light_Kob_m,4,0,23,
1708,ADR_Dragonslayer_Alb_Helm_Heavy_Lur_f,ADR_Dragonslayer_Alb_Helm_Heavy_Lur_f,4,0,23,
1709,ADR_Dragonslayer_Alb_Helm_Heavy_Lur_m,ADR_Dragonslayer_Alb_Helm_Heavy_Lur_m,4,0,23,
1710,ADR_Dragonslayer_Hib_Helm_Heavy_Lur_f,ADR_Dragonslayer_Hib_Helm_Heavy_Lur_f,4,0,23,
1711,ADR_Dragonslayer_Hib_Helm_Heavy_Lur_m,ADR_Dragonslayer_Hib_Helm_Heavy_Lur_m,4,0,23,
1712,ADR_Dragonslayer_Mid_Helm_Heavy_Lur_f,ADR_Dragonslayer_Mid_Helm_Heavy_Lur_f,4,0,23,
1713,ADR_Dragonslayer_Mid_Helm_Heavy_Lur_m,ADR_Dragonslayer_Mid_Helm_Heavy_Lur_m,4,0,23,
1714,ADR_Dragonslayer_Alb_Helm_Medium_Lur_f,ADR_Dragonslayer_Alb_Helm_Medium_Lur_f,4,0,23,
1715,ADR_Dragonslayer_Alb_Helm_Medium_Lur_m,ADR_Dragonslayer_Alb_Helm_Medium_Lur_m,4,0,23,
1716,ADR_Dragonslayer_Hib_Helm_Medium_Lur_f,ADR_Dragonslayer_Hib_Helm_Medium_Lur_f,4,0,23,
1717,ADR_Dragonslayer_Hib_Helm_Medium_Lur_m,ADR_Dragonslayer_Hib_Helm_Medium_Lur_m,4,0,23,
1718,ADR_Dragonslayer_Mid_Helm_Medium_Lur_f,ADR_Dragonslayer_Mid_Helm_Medium_Lur_f,4,0,23,
1719,ADR_Dragonslayer_Mid_Helm_Medium_Lur_m,ADR_Dragonslayer_Mid_Helm_Medium_Lur_m,4,0,23,
1720,ADR_Dragonslayer_Alb_Helm_Light_Lur_f,ADR_Dragonslayer_Alb_Helm_Light_Lur_f,4,0,23,
1721,ADR_Dragonslayer_Alb_Helm_Light_Lur_m,ADR_Dragonslayer_Alb_Helm_Light_Lur_m,4,0,23,
1722,ADR_Dragonslayer_Hib_Helm_Light_Lur_f,ADR_Dragonslayer_Hib_Helm_Light_Lur_f,4,0,23,
1723,ADR_Dragonslayer_Hib_Helm_Light_Lur_m,ADR_Dragonslayer_Hib_Helm_Light_Lur_m,4,0,23,
1724,ADR_Dragonslayer_Mid_Helm_Light_Lur_f,ADR_Dragonslayer_Mid_Helm_Light_Lur_f,4,0,23,
1725,ADR_Dragonslayer_Mid_Helm_Light_Lur_m,ADR_Dragonslayer_Mid_Helm_Light_Lur_m,4,0,23,
1726,ADR_Dragonslayer_Alb_Helm_Heavy_SFS_f,ADR_Dragonslayer_Alb_Helm_Heavy_SFS_f,4,0,23,
1727,ADR_Dragonslayer_Alb_Helm_Heavy_SFS_m,ADR_Dragonslayer_Alb_Helm_Heavy_SFS_m,4,0,23,
1728,ADR_Dragonslayer_Hib_Helm_Heavy_SFS_f,ADR_Dragonslayer_Hib_Helm_Heavy_SFS_f,4,0,23,
1729,ADR_Dragonslayer_Hib_Helm_Heavy_SFS_m,ADR_Dragonslayer_Hib_Helm_Heavy_SFS_m,4,0,23,
1730,ADR_Dragonslayer_Mid_Helm_Heavy_SFS_f,ADR_Dragonslayer_Mid_Helm_Heavy_SFS_f,4,0,23,
1731,ADR_Dragonslayer_Mid_Helm_Heavy_SFS_m,ADR_Dragonslayer_Mid_Helm_Heavy_SFS_m,4,0,23,
1732,ADR_Dragonslayer_Alb_Helm_Medium_SFS_f,ADR_Dragonslayer_Alb_Helm_Medium_SFS_f,4,0,23,
1733,ADR_Dragonslayer_Alb_Helm_Medium_SFS_m,ADR_Dragonslayer_Alb_Helm_Medium_SFS_m,4,0,23,
1734,ADR_Dragonslayer_Hib_Helm_Medium_SFS_f,ADR_Dragonslayer_Hib_Helm_Medium_SFS_f,4,0,23,
1735,ADR_Dragonslayer_Hib_Helm_Medium_SFS_m,ADR_Dragonslayer_Hib_Helm_Medium_SFS_m,4,0,23,
1736,ADR_Dragonslayer_Mid_Helm_Medium_SFS_f,ADR_Dragonslayer_Mid_Helm_Medium_SFS_f,4,0,23,
1737,ADR_Dragonslayer_Mid_Helm_Medium_SFS_m,ADR_Dragonslayer_Mid_Helm_Medium_SFS_m,4,0,23,
1738,ADR_Dragonslayer_Alb_Helm_Light_SFS_f,ADR_Dragonslayer_Alb_Helm_Light_SFS_f,4,0,23,
1739,ADR_Dragonslayer_Alb_Helm_Light_SFS_m,ADR_Dragonslayer_Alb_Helm_Light_SFS_m,4,0,23,
1740,ADR_Dragonslayer_Hib_Helm_Light_SFS_f,ADR_Dragonslayer_Hib_Helm_Light_SFS_f,4,0,23,
1741,ADR_Dragonslayer_Hib_Helm_Light_SFS_m,ADR_Dragonslayer_Hib_Helm_Light_SFS_m,4,0,23,
1742,ADR_Dragonslayer_Mid_Helm_Light_SFS_f,ADR_Dragonslayer_Mid_Helm_Light_SFS_f,4,0,23,
1743,ADR_Dragonslayer_Mid_Helm_Light_SFS_m,ADR_Dragonslayer_Mid_Helm_Light_SFS_m,4,0,23,
1744,ADR_Dragonslayer_Alb_Helm_Heavy_Syl_f,ADR_Dragonslayer_Alb_Helm_Heavy_Syl_f,4,0,23,
1745,ADR_Dragonslayer_Alb_Helm_Heavy_Syl_m,ADR_Dragonslayer_Alb_Helm_Heavy_Syl_m,4,0,23,
1746,ADR_Dragonslayer_Hib_Helm_Heavy_Syl_f,ADR_Dragonslayer_Hib_Helm_Heavy_Syl_f,4,0,23,
1747,ADR_Dragonslayer_Hib_Helm_Heavy_Syl_m,ADR_Dragonslayer_Hib_Helm_Heavy_Syl_m,4,0,23,
1748,ADR_Dragonslayer_Mid_Helm_Heavy_Syl_f,ADR_Dragonslayer_Mid_Helm_Heavy_Syl_f,4,0,23,
1749,ADR_Dragonslayer_Mid_Helm_Heavy_Syl_m,ADR_Dragonslayer_Mid_Helm_Heavy_Syl_m,4,0,23,
1750,ADR_Dragonslayer_Alb_Helm_Medium_Syl_f,ADR_Dragonslayer_Alb_Helm_Medium_Syl_f,4,0,23,
1751,ADR_Dragonslayer_Alb_Helm_Medium_Syl_m,ADR_Dragonslayer_Alb_Helm_Medium_Syl_m,4,0,23,
1752,ADR_Dragonslayer_Hib_Helm_Medium_Syl_f,ADR_Dragonslayer_Hib_Helm_Medium_Syl_f,4,0,23,
1753,ADR_Dragonslayer_Hib_Helm_Medium_Syl_m,ADR_Dragonslayer_Hib_Helm_Medium_Syl_m,4,0,23,
1754,ADR_Dragonslayer_Mid_Helm_Medium_Syl_f,ADR_Dragonslayer_Mid_Helm_Medium_Syl_f,4,0,23,
1755,ADR_Dragonslayer_Mid_Helm_Medium_Syl_m,ADR_Dragonslayer_Mid_Helm_Medium_Syl_m,4,0,23,
1756,ADR_Dragonslayer_Alb_Helm_Light_Syl_f,ADR_Dragonslayer_Alb_Helm_Light_Syl_f,4,0,23,
1757,ADR_Dragonslayer_Alb_Helm_Light_Syl_m,ADR_Dragonslayer_Alb_Helm_Light_Syl_m,4,0,23,
1758,ADR_Dragonslayer_Hib_Helm_Light_Syl_f,ADR_Dragonslayer_Hib_Helm_Light_Syl_f,4,0,23,
1759,ADR_Dragonslayer_Hib_Helm_Light_Syl_m,ADR_Dragonslayer_Hib_Helm_Light_Syl_m,4,0,23,
1760,ADR_Dragonslayer_Mid_Helm_Light_Syl_f,ADR_Dragonslayer_Mid_Helm_Light_Syl_f,4,0,23,
1761,ADR_Dragonslayer_Mid_Helm_Light_Syl_m,ADR_Dragonslayer_Mid_Helm_Light_Syl_m,4,0,23,
1762,ADR_Dragonslayer_Alb_Helm_Heavy_Tro_f,ADR_Dragonslayer_Alb_Helm_Heavy_Tro_f,4,0,23,
1763,ADR_Dragonslayer_Alb_Helm_Heavy_Tro_m,ADR_Dragonslayer_Alb_Helm_Heavy_Tro_m,4,0,23,
1764,ADR_Dragonslayer_Hib_Helm_Heavy_Tro_f,ADR_Dragonslayer_Hib_Helm_Heavy_Tro_f,4,0,23,
1765,ADR_Dragonslayer_Hib_Helm_Heavy_Tro_m,ADR_Dragonslayer_Hib_Helm_Heavy_Tro_m,4,0,23,
1766,ADR_Dragonslayer_Mid_Helm_Heavy_Tro_f,ADR_Dragonslayer_Mid_Helm_Heavy_Tro_f,4,0,23,
1767,ADR_Dragonslayer_Mid_Helm_Heavy_Tro_m,ADR_Dragonslayer_Mid_Helm_Heavy_Tro_m,4,0,23,
1768,ADR_Dragonslayer_Alb_Helm_Medium_Tro_f,ADR_Dragonslayer_Alb_Helm_Medium_Tro_f,4,0,23,
1769,ADR_Dragonslayer_Alb_Helm_Medium_Tro_m,ADR_Dragonslayer_Alb_Helm_Medium_Tro_m,4,0,23,
1770,ADR_Dragonslayer_Hib_Helm_Medium_Tro_f,ADR_Dragonslayer_Hib_Helm_Medium_Tro_f,4,0,23,
1771,ADR_Dragonslayer_Hib_Helm_Medium_Tro_m,ADR_Dragonslayer_Hib_Helm_Medium_Tro_m,4,0,23,
1772,ADR_Dragonslayer_Mid_Helm_Medium_Tro_f,ADR_Dragonslayer_Mid_Helm_Medium_Tro_f,4,0,23,
1773,ADR_Dragonslayer_Mid_Helm_Medium_Tro_m,ADR_Dragonslayer_Mid_Helm_Medium_Tro_m,4,0,23,
1774,ADR_Dragonslayer_Alb_Helm_Light_Tro_f,ADR_Dragonslayer_Alb_Helm_Light_Tro_f,4,0,23,
1775,ADR_Dragonslayer_Alb_Helm_Light_Tro_m,ADR_Dragonslayer_Alb_Helm_Light_Tro_m,4,0,23,
1776,ADR_Dragonslayer_Hib_Helm_Light_Tro_f,ADR_Dragonslayer_Hib_Helm_Light_Tro_f,4,0,23,
1777,ADR_Dragonslayer_Hib_Helm_Light_Tro_m,ADR_Dragonslayer_Hib_Helm_Light_Tro_m,4,0,23,
1778,ADR_Dragonslayer_Mid_Helm_Light_Tro_f,ADR_Dragonslayer_Mid_Helm_Light_Tro_f,4,0,23,
1779,ADR_Dragonslayer_Mid_Helm_Light_Tro_m,ADR_Dragonslayer_Mid_Helm_Light_Tro_m,4,0,23,
1780,ADR_Dragonslayer_Alb_Helm_Heavy_Val_f,ADR_Dragonslayer_Alb_Helm_Heavy_Val_f,4,0,23,
1781,ADR_Dragonslayer_Alb_Helm_Heavy_Val_m,ADR_Dragonslayer_Alb_Helm_Heavy_Val_m,4,0,23,
1782,ADR_Dragonslayer_Hib_Helm_Heavy_Val_f,ADR_Dragonslayer_Hib_Helm_Heavy_Val_f,4,0,23,
1783,ADR_Dragonslayer_Hib_Helm_Heavy_Val_m,ADR_Dragonslayer_Hib_Helm_Heavy_Val_m,4,0,23,
1784,ADR_Dragonslayer_Mid_Helm_Heavy_Val_f,ADR_Dragonslayer_Mid_Helm_Heavy_Val_f,4,0,23,
1785,ADR_Dragonslayer_Mid_Helm_Heavy_Val_m,ADR_Dragonslayer_Mid_Helm_Heavy_Val_m,4,0,23,
1786,ADR_Dragonslayer_Alb_Helm_Medium_Val_f,ADR_Dragonslayer_Alb_Helm_Medium_Val_f,4,0,23,
1787,ADR_Dragonslayer_Alb_Helm_Medium_Val_m,ADR_Dragonslayer_Alb_Helm_Medium_Val_m,4,0,23,
1788,ADR_Dragonslayer_Hib_Helm_Medium_Val_f,ADR_Dragonslayer_Hib_Helm_Medium_Val_f,4,0,23,
1789,ADR_Dragonslayer_Hib_Helm_Medium_Val_m,ADR_Dragonslayer_Hib_Helm_Medium_Val_m,4,0,23,
1790,ADR_Dragonslayer_Mid_Helm_Medium_Val_f,ADR_Dragonslayer_Mid_Helm_Medium_Val_f,4,0,23,
1791,ADR_Dragonslayer_Mid_Helm_Medium_Val_m,ADR_Dragonslayer_Mid_Helm_Medium_Val_m,4,0,23,
1792,ADR_Dragonslayer_Alb_Helm_Light_Val_f,ADR_Dragonslayer_Alb_Helm_Light_Val_f,4,0,23,
1793,ADR_Dragonslayer_Alb_Helm_Light_Val_m,ADR_Dragonslayer_Alb_Helm_Light_Val_m,4,0,23,
1794,ADR_Dragonslayer_Hib_Helm_Light_Val_f,ADR_Dragonslayer_Hib_Helm_Light_Val_f,4,0,23,
1795,ADR_Dragonslayer_Hib_Helm_Light_Val_m,ADR_Dragonslayer_Hib_Helm_Light_Val_m,4,0,23,
1796,ADR_Dragonslayer_Mid_Helm_Light_Val_f,ADR_Dragonslayer_Mid_Helm_Light_Val_f,4,0,23,
1797,ADR_Dragonslayer_Mid_Helm_Light_Val_m,ADR_Dragonslayer_Mid_Helm_Light_Val_m,4,0,23,
1798,ADR_Dragonslayer_Mid_Helm_Light_Dwa_f,ADR_Dragonslayer_Mid_Helm_Light_Dwa_f,4,0,23,
1799,ADR_Dragonslayer_Mid_Helm_Light_Dwa_m,ADR_Dragonslayer_Mid_Helm_Light_Dwa_m,4,0,23,
1800,ADR_Dragonslayer_Hib_Helm_Light_Fir_f,ADR_Dragonslayer_Hib_Helm_Light_Fir_f,4,0,23,
1801,ADR_Dragonslayer_Hib_Helm_Light_Fir_m,ADR_Dragonslayer_Hib_Helm_Light_Fir_m,4,0,23,
1802,ADR_Dragonslayer_Mid_Helm_Light_Fir_f,ADR_Dragonslayer_Mid_Helm_Light_Fir_f,4,0,23,
1803,ADR_Dragonslayer_Mid_Helm_Light_Fir_m,ADR_Dragonslayer_Mid_Helm_Light_Fir_m,4,0,23,
189,Briton Female Hair,bri_f_Hair02,4,1,10,1
190,Briton Female Hair,bri_f_Hair02,4,1,10,1
191,Briton Female Hair,bri_f_Hair02,4,1,10,1
192,Briton Female Hair,bri_f_Hair02,4,1,10,1
193,Briton Female Hair,bri_f_Hair02,4,1,10,1
194,Briton Female Hair,bri_f_Hair02,4,1,10,1
195,Highlander Male Hair,hig_m_Hair03,4,1,14,1
196,Highlander Male Hair,hig_m_Hair03,4,1,14,1
197,Highlander Male Hair,hig_m_Hair03,4,1,14,1
198,Highlander Male Hair,hig_m_Hair03,4,1,14,1
199,Highlander Male Hair,hig_m_Hair03,4,1,14,1
200,Highlander Male Hair,hig_m_Hair03,4,1,14,1
