Effect,Desc,Effect,Effect,Effect,Effect,Effect,Effect,,
Set,,1,2,3,4,5,6,,
1,Corpselight Red,1,0,0,0,0,0,,
2,CorpseLight Dark Blue,2,0,0,0,0,0,,
3,CorpseLight Green Face,3,0,0,0,0,0,,
4,CorpseLight Red Skull,4,0,0,0,0,0,,
5,CorpseLight Torch,5,0,0,0,0,0,,
6,CorpseLight WhtPrp,6,0,0,0,0,0,,
7,Cloud,7,0,0,0,0,0,,
8,Water Elemental,8,0,0,0,0,0,,
9,Algae Slime Blob,9,0,0,0,0,0,,
10,Blood Blob,10,0,0,0,0,0,,
11,Green Slime Blob,11,0,0,0,0,0,,
12,Mucus Blob,12,0,0,0,0,0,,
13,Ochre Jelly Blob,13,0,0,0,0,0,,
14,Oily Slime Blob,14,0,0,0,0,0,,
15,Pink Slime Blob,15,0,0,0,0,0,,
16,Purple Slime Blob,16,0,0,0,0,0,,
17,Acid Glob,17,0,0,0,0,0,,
18,Corrosive Cloud,18,0,0,0,0,0,,
19,Miasma,19,0,0,0,0,0,,
20,Noxious Fumes,20,0,0,0,0,0,,
21,Sulfur Cloud,21,0,0,0,0,0,,
22,Wisp,22,0,0,0,0,0,,
23,Gyro,23,0,0,0,0,0,,
24,Whirlwind,24,0,0,0,0,0,,
25,Aurora,25,0,0,0,0,0,,
26,Rift,26,0,0,0,0,0,,
27,Determination-Alb,30,54,0,0,0,0,,
28,Determination-Mid,30,55,0,0,0,0,,
29,Determination-Hib,30,56,0,0,0,0,,
30,Dissonating-Alb,31,54,0,0,0,0,,
31,Dissonating-Mid,31,55,0,0,0,0,,
32,Dissonating-Hib,31,56,0,0,0,0,,
33,Power-Alb,32,54,0,0,0,0,,
34,Power-Mid,32,55,0,0,0,0,,
35,Power-Hib,32,56,0,0,0,0,,
36,Prescience-Alb,33,54,51,0,0,0,,
37,Prescience-Mid,33,55,53,0,0,0,,
38,Prescience-Hib,33,56,52,0,0,0,,
39,Rejuvenation-Alb,34,54,0,0,0,0,,
40,Rejuvenation-Mid,34,55,0,0,0,0,,
41,Rejuvenation-Hib,34,56,0,0,0,0,,
42,Speedwarp-Alb,35,54,172,0,0,0,,
43,Speedwarp-Mid,35,55,173,0,0,0,,
44,Speedwarp-Hib,35,56,174,0,0,0,,
45,dissonancetrap alb,36,36,0,0,0,0,,
46,dissonancetrap hib,37,37,0,0,0,0,,
47,dissonancetrap mid,38,38,0,0,0,0,,
48,poisonspike alb,39,39,0,0,0,0,,
49,poisonspike hib,40,40,0,0,0,0,,
50,poisonspike mid,41,41,0,0,0,0,,
51,powertrap alb,42,42,0,0,0,0,,
52,powertrap hib,43,43,0,0,0,0,,
53,powertrap mid,44,44,0,0,0,0,,
54,siegewrecker alb,45,45,0,0,0,0,,
55,siegewrecker hib,46,46,0,0,0,0,,
56,siegewrecker mid,47,47,0,0,0,0,,
57,tanglesnare alb,48,48,0,0,0,0,,
58,tanglesnare hib,49,49,0,0,0,0,,
59,tanglesnare mid,50,50,0,0,0,0,,
60,Storm Alb,57,135,0,0,0,0,,
61,Storm Mid,58,135,0,0,0,0,,
62,Storm Hib,59,135,0,0,0,0,,
63,Flame Ring,60,0,0,0,0,0,,
64,Alb Thorn,61,0,0,0,0,0,,
65,Mid Thorn,62,0,0,0,0,0,,
66,Hib Thorn,63,0,0,0,0,0,,
67,Albion Tempest,85,64,0,0,0,0,,
68,Relic Pad,65,0,0,0,0,0,,
69,Color swirl,66,0,0,0,0,0,,
70,Purple Swirl,67,0,0,0,0,0,,
71,Flame SFx,68,0,0,0,0,0,,
72,Salamander,69,0,0,0,0,0,,
73,Flame Swirl,70,0,0,0,0,0,,
74,Campire,71,0,0,0,0,0,,
75,warlock1,72,0,0,0,0,0,,
76,warlock2,73,0,0,0,0,0,,
77,warlock3,74,0,0,0,0,0,,
78,warlock4,75,0,0,0,0,0,,
79,warlock5,76,0,0,0,0,0,,
80,Dark Crystal Fire,77,0,0,0,0,0,,
83,Shar Teleporter Effect,80,0,0,0,0,0,,
84,Inc Teleporter Effect,81,0,0,0,0,0,,
85,Dark Spire Crystal 1,82,0,0,0,0,0,,
86,Dark Spire Crystal 2,83,0,0,0,0,0,,
87,Quest Indicator,84,0,0,0,0,0,,
88, Midgard Tempest,86,64,0,0,0,0,,
89,Hibernia Tempest,87,64,0,0,0,0,,
90,teleporter_ground,88,0,0,0,0,0,, 
91,Warlock Cauldron Thingy,89,0,0,0,0,0,,
92,hockey_flag_wrapped_blue,90,0,0,0,0,0,,
93,hockey_flag01_blue,91,0,0,0,0,0,,
94,hockey_fieldmarker,92,0,0,0,0,0,,
95,hockey_flag_wrapped_yellow,93,0,0,0,0,0,,
96,hockey_flag01_yellow,94,0,0,0,0,0,,
97,hockey_flag_wrapped_brown,95,0,0,0,0,0,,
98,hockey_flag01_brown,96,0,0,0,0,0,,
99,hockey_flag_wrapped_green,97,0,0,0,0,0,,
100,hockey_flag01_green,98,0,0,0,0,0,,
101,hockey_flag_wrapped_red,99,0,0,0,0,0,,
102,hockey_flag01_red,100,0,0,0,0,0,,
103,Flame,101,0,0,0,0,0,,
104,Buzzing flies,102,0,0,0,0,0,,
105,Buzzing flies,103,0,0,0,0,0,,
106,Mid Electric Hit,104,0,0,0,0,0,,
107,guild_banner_alb_effect,105,0,0,0,0,0,,
108,guild_banner_mid_effect,106,0,0,0,0,0,,
109,guild_banner_hib_effect,107,0,0,0,0,0,,
110,Poison Elemental,108,0,0,0,0,0,,
111,Pulsating Darkness,109,0,0,0,0,0,,
112,guild_banner_alb_effect,110,0,0,0,0,0,,
113,guild_banner_mid_effect,111,0,0,0,0,0,,
114,guild_banner_hib_effect,112,0,0,0,0,0,,
115,nightmare mount,118,127,128,129,130,0,,
116,King Lugs Aura,117,0,0,0,0,0,,
117,undead mount,119,102,0,0,0,0,,
118,earth horse,120,0,0,0,0,0,,
119,molochs eye for moloch,121,0,0,0,0,0,,
120,molochs eye for monster,122,0,0,0,0,0,,
121,frost horse,123,0,0,0,0,0,,
122,unicorn horn effect,124,0,0,0,0,0,,
123,fire horse,113,114,115,116,126,0,,
124,storm horse,125,0,0,0,0,0,,
125,regular unicorn effect,131,0,0,0,0,0,,
126,Heretic Focus(don't remove) ,78,0,0,0,0,0,,
127,Admorenth,132,0,0,0,0,0,,
128,New Placeable Portal,133,0,0,0,0,0,,
129,Magic Fire,134,0,0,0,0,0,,
130,Silver Construct Death,136,0,0,0,0,0,,
131,Monster Portal Effect,137,0,0,0,0,0,,
132,Relic Health Amulet,138,149,0,0,0,0,,
133,Relic Earth Runestone,139,149,0,0,0,0,,
134,Relic Earth Razestone,140,167,0,0,0,0,,
135,Relic Death Skull,141,166,0,0,0,0,,
136,Relic Death Mask,142,166,0,0,0,0,,
137,Relic Death Blade,143,149,0,0,0,0,,
138,Relic Artisan Shield,144,167,0,0,0,0,,
139,Relic Artisan Gear,145,166,0,0,0,0,,
140,Relic Unity Staff,146,167,0,0,0,0,,
141,Relic Unity Scroll,147,149,0,0,0,0,,
142,Relic Health Brazier,148,167,0,0,0,0,,
143,Relic Forge Flame,150,149,0,0,0,0,,
144,Relic Ruler Bracer,151,149,0,0,0,0,,
145,Relic Storm Orrery,152,166,0,0,0,0,,
146,Relic Storm Palantir,153,166,0,0,0,0,,
147,Relic Forge Anvil,154,167,0,0,0,0,,
148,Relic Cow Bell,155,149,0,0,0,0,,
149,Black Wind w/ MinoSkull,156,0,0,0,0,0,,
150,Relic Ruler Wreath,157,167,0,0,0,0,,
151,Relic Battle Trident,158,149,0,0,0,0,,
152,Relic Battle Statue,159,167,0,0,0,0,,
153,Relic Ruler Statue,160,166,0,0,0,0,,
154,Relic Warhorn,161,166,0,0,0,0,,
155,Red Labyrinth Fire,162,0,0,0,0,0,,
156,Ambient Moths,163,0,0,0,0,0,,
157,Ambient Butterflies,164,0,0,0,0,0,,
158,Black Wind w/ Scary Face,165,0,0,0,0,0,,
159,Red Relic Light Beam,166,0,0,0,0,0,,
160,White Relic Light Beam,149,0,0,0,0,0,,
161,Gold Relic Light Beam,167,0,0,0,0,0,,
162,Purple Labyrinth Fire,168,0,0,0,0,0,,
163,Relic Lock Effect,169,0,0,0,0,0,,
164,Rolling Boulder,170,0,0,0,0,0,,
175,Copper Construct Death,171,0,0,0,0,0,,
176,Red Rising Rings 3,175,178,0,0,0,0,,
177,Blue Rising Rings 3,176,180,0,0,0,0,,
178,Green Rising Rings 3,177,179,0,0,0,0,,
179,Albion Maelstrom,181,184,0,0,0,0,,
180,Midgard Maelstrom,182,184,0,0,0,0,,
181,Hibernian Maelstrom,183,184,0,0,0,0,,
182,Exploding Glimmer Knight,185,0,0,0,0,0,,
183,Placeable Fire Prop 1,186,0,0,0,0,0,,
184,Hibernian Dragon Effect Monster,187,0,0,0,0,0,,
185,Black Smoke Effect Prop,188,0,0,0,0,0,,
186,Lore Quest Indicator,189,0,0,0,0,0,,
187,Lesson Quest Indicator,190,0,0,0,0,0,,
188,Quest Completer,191,0,0,0,0,0,,
189,Quest Pending Indicator,192,0,0,0,0,0,,
190,Blue Relic Light Beam,193,0,0,0,0,0,,
191,Green Relic Light Beam,194,0,0,0,0,0,,
192,Bonedancer totem yellow,195,196,0,0,0,0,,
193,Bonedancer totem purple,195,197,0,0,0,0,,
194,Bonedancer totem blue,195,198,0,0,0,0,,
195,Warlord Siege Ward Alb,199,54,0,0,0,0,,
196,Warlord Siege Ward Mid,199,55,0,0,0,0,,
197,Warlord Siege Ward Hib,199,56,0,0,0,0,,
