Information,,NIF,Anim,Stride,Stride,Stride,Stride,Alternate,Expansion ,Figure,Ride,Figure,Cata,Vampire,Skeleton,Cata Morph,Cata Morph,Cata Morph,Cata Morph,Cata Morph,Cata Cloak,Cata Cloak,Cata Cloak,Cata Cloak,Cata Cloak,Cata Cloak,Mount,Z-Offset
ID,Textual Name,Name,Set,Run,Walk,Back,Strafe,Anim,Only,Type,Anims,Version,Index,Anim Set,Archive,Cloak Overide 1,Cloak Overide 2,Cloak Overide 3,Cloak Overide 4,Cloak Overide 5,Offset X,Offset Y,Offset Z,Unreadied X,Unreadied Y,Unreadied Z,Scale,Quest Ind
88,Albion Stone Minotaur,mino,357,120,90,54,48,0,4,1,,3,176,,6, , , , , , , , , , , ,135,
89,Albion Shade Minotaur,mino,357,120,90,54,48,0,4,1,,3,177,,6,,,,,,,, ,,,,135,
90,Albion Mummy Minotaur,mino,357,120,90,54,48,0,4,1,,3,178,,6,,,,,,,,,,,,135,
91,Midgard Stone Minotaur,mino,357,120,90,54,48,0,4,1,,3,179,,6, , , , , , , , , , , ,135,
92,Midgard Shade Minotaur,mino,357,120,90,54,48,0,4,1,,3,180,,6,,,,,,,, ,,,,135,
93,Midgard Mummy Minotaur,mino,357,120,90,54,48,0,4,1,,3,181,,6,,,,,,,,,,,,135,
94,Hibernian Stone Minotaur,mino,357,120,90,54,48,0,4,1,,3,182,,6, , , , , , , , , , , ,135,
95,Hibernian Shade Minotaur,mino,357,120,90,54,48,0,4,1,,3,183,,6,,,,,,,, ,,,,135,
96,Hibernian Mummy Minotaur,mino,357,120,90,54,48,0,4,1,,3,184,,6,,,,,,,,,,,,135,
97,Cata Inconnu Stone Female,inc_f,256,160,75,30,30,0,4,1,,3,64,,2,,,,1,,,,,,,500,90,
98,Cata Inconnu Shade Female,inc_f,256,160,75,30,30,0,4,1,,3,65,,2,,,,1,,,,,,,500,90,
99,Cata Inconnu Mummy  Female,inc_f,256,160,75,30,30,0,4,1,,3,66,,2,,,,1,,,,,,,500,90,
100,Cata Inconnu Stone Male,inc_m,255,160,72,30,30,0,4,1,,3,67,,2,,,,1,,,,,,,2250,95,
101,Cata Inconnu Shade Male,inc_m,255,160,72,30,30,0,4,1,,3,68,,2,,,,1,,,,,,,2250,95,
102,Cata Inconnu Mummy  Male,inc_m,255,160,72,30,30,0,4,1,,3,69,,2,,,,1,,,,,,,2250,95,
103,Cata Briton Stone Male,bri_m,233,178,70,70,70,0,4,1,,3,70,,1,,,,1,,,,,,, ,100,
104,Cata Briton Shade Male,bri_m,233,178,70,70,70,0,4,1,,3,71,,1,,,,1,,,,,,, ,100,
105,Cata Briton Mummy  Male,bri_m,233,178,70,70,70,0,4,1,,3,72,,1,,,,1,,,,,,, ,100,
106,Cata Briton Stone Female,bri_f,234,236,90,90,90,0,4,1,,3,73,,1,,,,1,,,,,,, ,100,
107,Cata Briton Shade Female,bri_f,234,236,90,90,90,0,4,1,,3,74,,1,,,,1,,,,,,, ,100,
108,Cata Briton Mummy  Female,bri_f,234,236,90,90,90,0,4,1,,3,75,,1,,,,1,,,,,,, ,100,
109,Cata Avalonian Stone Male,ava_m,241,160,75,62,54,0,4,1,,3,76,,2,,,,,,,,,,,,120,
110,Cata Avalonian Shade Male,ava_m,241,160,75,62,54,0,4,1,,3,77,,2,,,,,,,,,,,,120,
111,Cata Avalonian Mummy Male,ava_m,241,160,75,62,54,0,4,1,,3,78,,2,,,,,,,,,,,,120,
112,Cata Avalonian Stone Female,ava_f,242,188,75,58,52,0,4,1,,3,79,,2,,,,,,,,,,,,118,
113,Cata Avalonian Shade Female,ava_f,242,188,75,58,52,0,4,1,,3,80,,2,,,,,,,,,,,,118,
114,Cata Avalonian Mummy Female,ava_f,242,188,75,58,52,0,4,1,,3,81,,2,,,,,,,,,,,,118,
115,Cata Highlander Stone Male,hig_m,245,160,75,62,72,0,4,1,,3,82,,2,,,,,,,,,,,500,120,
116,Cata Highlander Shade Male,hig_m,245,160,75,62,72,0,4,1,,3,83,,2,,,,,,,,,,,500,120,
117,Cata Highlander Mummy Male,hig_m,245,160,75,62,72,0,4,1,,3,84,,2,,,,,,,,,,,500,120,
118,Cata Highlander Stone Female,hig_f,246,188,75,58,52,0,4,1,,3,85,,1,,,,,,,,,,,,109,
119,Cata Highlander Shade Female,hig_f,246,188,75,58,52,0,4,1,,3,86,,1,,,,,,,,,,,,109,
120,Cata Highlander Mummy Female,hig_f,246,188,75,58,52,0,4,1,,3,87,,1,,,,,,,,,,,,109,
121,Cata Half Ogre Stone Male,hal_m,257,320,60,54,48,0,4,1,,3,88,,1,,,,,,,,,,,1000,127,
122,Cata Half Ogre Shade Male,hal_m,257,320,60,54,48,0,4,1,,3,89,,1,,,,,,,,,,,1000,127,
123,Cata Half Ogre Mummy Male,hal_m,257,320,60,54,48,0,4,1,,3,90,,1,,,,,,,,,,,1000,127,
124,Cata Half Ogre Stone Female,hal_f,258,320,60,54,48,0,4,1,,3,91,,1,,,,,,,,,,,500,123,
125,Cata Half Ogre Shade Female,hal_f,258,320,60,54,48,0,4,1,,3,92,,1,,,,,,,,,,,500,123,
126,Cata Half Ogre Mummy Female,hal_f,258,320,60,54,48,0,4,1,,3,93,,1,,,,,,,,,,,500,123,
127,Cata Saracen Stone Male,sar_m,235,192,70,70,70,0,4,1,,3,94,,1,,,,,,,,,,,,100,
128,Cata Saracen Shade Male,sar_m,235,192,70,70,70,0,4,1,,3,95,,1,,,,,,,,,,,,100,
129,Cata Saracen Mummy Male,sar_m,235,192,70,70,70,0,4,1,,3,96,,1,,,,,,,,,,,,100,
130,Cata Saracen Stone Female,sar_f,236,160,75,54,48,0,4,1,,3,97,,2,,,,,,,,,,,,95,
131,Cata Saracen Shade Female,sar_f,236,160,75,54,48,0,4,1,,3,98,,2,,,,,,,,,,,,95,
132,Cata Saracen Mummy Female,sar_f,236,160,75,54,48,0,4,1,,3,99,,2,,,,,,,,,,,,95,
133,Cata Celt Stone Male,cel_m,265,160,75,75,75,0,4,1,,3,136,284,1,,,,,,,,,,,,100,
134,Cata Celt Shade Male,cel_m,265,160,75,75,75,0,4,1,,3,137,284,1,,,,,,,,,,,,100,
135,Cata Celt Mummy Male,cel_m,265,160,75,75,75,0,4,1,,3,138,284,1,,,,,,,,,,,,100,
136,Cata Celt Stone Female,cel_f,266,160,75,75,75,0,4,1,,3,139,285,2,,,,,,,,,,,,100,
137,Cata Celt Shade Female,cel_f,266,160,75,75,75,0,4,1,,3,140,285,2,,,,,,,,,,,,100,
138,Cata Celt Mummy Female,cel_f,266,160,75,75,75,0,4,1,,3,141,285,2,,,,,,,,,,,,100,
139,Cata Sylvan Stone Male,syl_m,267,160,72,75,75,0,4,1,,3,160,,2,,,,,,,,,,,,112,
140,Cata Sylvan Shade Male,syl_m,267,160,72,75,75,0,4,1,,3,161,,2,,,,,,,,,,,,112,
141,Cata Sylvan Mummy Male,syl_m,267,160,72,75,75,0,4,1,,3,162,,2,,,,,,,,,,,,112,
142,Cata Sylvan Stone Female,syl_f,268,160,72,75,75,0,4,1,,3,163,,2,,,,,,,,,,,,110,
143,Cata Sylvan Shade Female,syl_f,268,160,72,75,75,0,4,1,,3,164,,2,,,,,,,,,,,,110,
144,Cata Sylvan Mummy Female,syl_f,268,160,72,75,75,0,4,1,,3,165,,2,,,,,,,,,,,,110,
145,Cata Shar Stone Male,sha_m,239,160,75,54,48,0,4,1,,3,154,288,2,,,,1,,,,,,,,100,
146,Cata Shar Shade Male,sha_m,239,160,75,54,48,0,4,1,,3,155,288,2,,,,1,,,,,,,,100,
147,Cata Shar Mummy Male,sha_m,239,160,75,54,48,0,4,1,,3,156,288,2,,,,1,,,,,,,,100,
148,Cata Shar Stone Female,sha_f,240,188,65,52,46,0,4,1,,3,157,289,2,,,,1,,,,,,,,97,
149,Cata Shar Shade Female,sha_f,240,188,65,52,46,0,4,1,,3,158,289,2,,,,1,,,,,,,,97,
150,Cata Shar Mummy Female,sha_f,240,188,65,52,46,0,4,1,,3,159,289,2,,,,1,,,,,,,,97,
151,Cata Elf Stone Male,elf_m,243,160,75,75,75,0,4,1,,3,142,,1,,,,1,,,,,,,,115,
152,Cata Elf Shade Male,elf_m,243,160,75,75,75,0,4,1,,3,143,,1,,,,1,,,,,,,,115,
153,Cata Elf Mummy Male,elf_m,243,160,75,75,75,0,4,1,,3,144,,1,,,,1,,,,,,,,115,
154,Cata Elf Stone Female,elf_f,244,160,75,75,75,0,4,1,,3,145,,2,,,,1,,,,,,,,114,
155,Cata Elf Shade Female,elf_f,244,160,75,75,75,229,4,1,,3,146,,2,,,,1,,,,,,,,114,
156,Cata Elf Mummy Female,elf_f,244,160,75,75,75,0,4,1,,3,147,,2,,,,1,,,,,,,,114,
157,Cata Lurikeen Stone Male,lur_m,249,180,75,75,75,0,4,1,,3,166,286,2,,,,1,,,,,,,,84,
158,Cata Lurikeen Shade Male,lur_m,249,180,75,75,75,0,4,1,,3,167,286,2,,,,1,,,,,,,,84,
159,Cata Lurikeen Mummy Male,lur_m,249,180,75,75,75,0,4,1,,3,168,286,2,,,,1,,,,,,,,84,
160,Cata Lurikeen Stone Female,lur_f,250,180,75,75,75,0,4,1,,3,169,287,1,,,,1,,,,,,,,84,
161,Cata Lurikeen Shade Female,lur_f,250,180,75,75,75,0,4,1,,3,170,287,1,,,,1,,,,,,,,84,
162,Cata Lurikeen Mummy Female,lur_f,250,180,75,75,75,0,4,1,,3,171,287,1,,,,1,,,,,,,,84,
163,Cata Firbolg Stone Male,fir_m,261,190,75,75,75,0,4,1,,3,148,,2,,,,1,,,,,,,,150,
164,Cata Firbolg Shade Male,fir_m,261,190,75,75,75,0,4,1,,3,149,,2,,,,1,,,,,,,,150,
165,Cata Firbolg MummyMale,fir_m,261,190,75,75,75,0,4,1,,3,150,,2,,,,1,,,,,,,,150,
166,Cata Firbolg Stone Female,fir_f,262,160,75,75,75,0,4,1,,3,151,,2,,,,1,,,,,,,,140,
167,Cata Firbolg Shade  Female,fir_f,262,160,75,75,75,0,4,1,,3,152,,2,,,,1,,,,,,,,140,
168,Cata Firbolg Mummy Female,fir_f,262,160,75,75,75,0,4,1,,3,153,,2,,,,1,,,,,,,,140,
169,Cata Valkyn Stone Male,val_m,259,230,75,75,75,0,4,1,,3,124,,2,,,,1,,,,,,,,110,
170,Cata Valkyn Shade Male,val_m,259,230,75,75,75,0,4,1,,3,125,,2,,,,1,,,,,,,,110,
171,Cata Valkyn Mummy Male,val_m,259,230,75,75,75,0,4,1,,3,126,,2,,,,1,,,,,,,,110,
172,Cata Valkyn Stone Female,val_f,260,240,50,75,75,0,4,1,,3,127,,2,,,,1,,,,,,,,100,
173,Cata Valkyn Shade Female,val_f,260,240,50,75,75,0,4,1,,3,128,,2,,,,1,,,,,,,,100,
174,Cata Valkyn Mummy Female,val_f,260,240,50,75,75,0,4,1,,3,129,,2,,,,1,,,,,,,,100,
175,Cata Frostalf Stone Male,fro_m,237,160,75,75,75,0,4,1,,3,100,,1,,,,1,,,,,,,,100,
176,Cata Frostalf Shade Male,fro_m,237,160,75,75,75,0,4,1,,3,101,,1,,,,1,,,,,,,,100,
177,Cata Frostalf Mummy Male,fro_m,237,160,75,75,75,0,4,1,,3,102,,1,,,,1,,,,,,,,100,
178,Cata Frostalf Stone Female,fro_f,238,160,75,75,75,0,4,1,,3,103,,1,,,,1,,,,,,,,95,
179,Cata Frostalf Shade Female,fro_f,238,160,75,75,75,0,4,1,,3,104,,1,,,,1,,,,,,,,95,
180,Cata Frostalf Mummy Female,fro_f,238,160,75,75,75,0,4,1,,3,105,,1,,,,1,,,,,,,,95,
181,Cata Norse Stone Male,nor_m,247,160,75,62,72,0,4,1,,3,112,,1,,,,,,,,,,,,115,
182,Cata Norse Shade Male,nor_m,247,160,75,62,72,0,4,1,,3,113,,1,,,,,,,,,,,,115,
183,Cata Norse Mummy Male,nor_m,247,160,75,62,72,0,4,1,,3,114,,1,,,,,,,,,,,,115,
184,Cata Norse Stone Female,nor_f,248,188,75,58,52,0,4,1,,3,115,,1,,,,,,,,,,,,109,
185,Cata Norse Shade Female,nor_f,248,188,75,58,52,0,4,1,,3,116,,1,,,,,,,,,,,,109,
186,Cata Norse Mummy Female,nor_f,248,188,75,58,52,0,4,1,,3,117,,1,,,,,,,,,,,,109,
187,Cata Kobold Stone Male,kob_m,251,168,72,54,48,0,4,1,,3,118,,1,,,,1,,,,,,,1750,88,
188,Cata Kobold Shade Male,kob_m,251,168,72,54,48,0,4,1,,3,119,,1,,,,1,,,,,,,1750,88,
189,Cata Kobold Mummy Male,kob_m,251,168,72,54,48,0,4,1,,3,120,,1,,,,1,,,,,,,1750,88,
190,Cata Kobold Stone Female,kob_f,252,156,72,72,72,0,4,1,,3,121,,1,,,,1,,,,,,,1500,87,
191,Cata Kobold Shade Female,kob_f,252,156,72,72,72,0,4,1,,3,122,,1,,,,1,,,,,,,1500,87,
192,Cata Kobold Mummy Female,kob_f,252,156,72,72,72,0,4,1,,3,123,,1,,,,1,,,,,,,1500,87,
193,Cata Dwarf Stone Male,dwa_m,253,170,75,54,48,0,4,1,,3,106,,2,,,,,,,,,,,1000,100,
194,Cata Dwarf Shade Male,dwa_m,253,170,75,54,48,0,4,1,,3,107,,2,,,,,,,,,,,1000,100,
195,Cata Dwarf  Mummy Male,dwa_m,253,170,75,54,48,0,4,1,,3,108,,2,,,,,,,,,,,1000,100,
196,Cata Dwarf Stone Female,dwa_f,254,170,66,54,48,0,4,1,,3,109,,1,,,,,,,,,,,500,100,
197,Cata Dwarf Shade Female,dwa_f,254,170,66,54,48,0,4,1,,3,110,,1,,,,,,,,,,,500,100,
198,Cata Dwarf Mummy Female,dwa_f,254,170,66,54,48,0,4,1,,3,111,,1,,,,,,,,,,,500,100,
199,Cata Troll Stone Male,tro_m,263,190,60,54,48,0,4,1,,3,130,,2,,,,1,,,,2250,,,,150,
200,Cata Troll Shade Male,tro_m,263,190,60,54,48,0,4,1,,3,131,,2,,,,1,,,,2250,,,,150,
201,Cata Troll Mummy  Male,tro_m,263,190,60,54,48,0,4,1,,3,132,,2,,,,1,,,,2250,,,,150,
202,Cata Troll Stone Female,tro_f,264,151,60,54,48,0,4,1,,3,133,,1,,,,1,,,,,,,,140,
203,Cata Troll Shade Female,tro_f,264,151,60,54,48,0,4,1,,3,134,,1,,,,1,,,,,,,,140,
204,Cata Troll Mummy Female,tro_f,264,151,60,54,48,0,4,1,,3,135,,1,,,,1,,,,,,,,140,
205,Demon,dem,3,200,100,75,75,0,0,0,,0,,,,,,,,,,,,,,,,
206,Briton Male,bcommonm,2,135,75,54,48,0,0,1,,0,,,,,,,,,,,,,,,100,
207,Skeleton,skel01,4,180,60,75,75,0,0,0,,0,,,,,,,,,,,,,,,,
208,Snake,snake,5,200,75,75,75,0,0,0,,0,,,,,,,,,,,,,,,,
209,Briton Female,bcommonf,6,158,65,52,46,230,0,1,,0,,,,,,,,,,,,,,,100,
210,Highlander Male,bhilandm,2,135,75,62,72,0,0,1,,0,,,,,,,,,,,,,,,120,
211,Highlander Female,bhilandf,6,158,75,58,52,230,0,1,,0,,,,,,,,,,,,,,,109,
212,Wolf,wolf,7,180,52,52,52,222,0,0,,0,,,,,,,,,,,,,,,,
213,Saracen Male,bsaracenm,2,135,75,54,48,0,0,1,,0,,,,,,,,,,,,,,,100,
214,Saracen Female,bsaracenf,6,158,75,52,46,0,0,1,,0,,,,,,,,,,,,,,,95,
215,Goblin,goblin,8,200,40,75,75,0,0,0,,0,,,,,,,,,,,,,,,,5
216,Spider,spider,9,200,92,75,75,0,0,0,,0,,,,,,,,,,,,,,,,
217,Avalonian Male,bavalonm,2,135,75,62,54,0,0,1,,0,,,,,,,,,,,,,,,110,
218,Avalonian Female,bavalonf,6,158,75,58,52,230,0,1,,0,,,,,,,,,,,,,,,108,
219,Bear,bear,10,200,72,75,75,0,0,0,,0,,,,,,,,,,,,,,,,
220,Fellwood,fellwood,11,200,56,75,75,0,0,0,,0,,,,,,,,,,,,,,,,
221,Boar,boar,12,200,28,75,75,0,0,0,,0,,,,,,,,,,,,,,,,
222,Lion,lion,13,200,52,75,75,0,0,0,,0,,,,,,,,,,,,,,,,
223,Lizard,lizard,14,200,96,75,75,0,0,0,,0,,,,,,,,,,,,,,,,
224,Roman Skeleton,romandead1,69,200,75,75,75,0,0,0,,0,,,,,,,,,,,,,,,,
225,Roman Robed Skeleton,romandead2,69,200,75,75,75,0,0,0,,0,,,,,,,,,,,,,,,,
226,Zombie,zombie,15,150,15,75,75,0,0,0,,0,,,,,,,,,,,,,,,,
227,Brownie,brownie,16,75,35,35,35,0,0,0,,0,,,,,,,,,,,,,,,,
228,Troglodyte,troglo,16,100,55,55,55,0,0,0,,0,,,,,,,,,,,,,,,,
229,Rock Creature,rock,17,100,55,55,55,0,0,0,,0,,,,,,,,,,,,,,,,
230,Ant,ant,18,192,192,192,192,0,0,0,,0,,,,,,,,,,,,,,,,
231,Frog,frog,19,192,30,30,30,0,0,0,,0,,,,,,,,,,,,,,,,
232,Giant,giant,20,150,100,100,100,0,0,0,,0,,,,,,,,,,,,,,,,
233,worm,worm,21,175,90,90,90,0,0,0,,0,,,,,,,,,,,,,,,,
234,Lynx,lynx,13,200,52,75,75,0,0,0,,0,,,,,,,,,,,,,,,,
235,Huldu,huldu,16,75,35,35,35,0,0,0,,0,,,,,,,,,,,,,,,,
236,Sprite,sprite,23,192,40,40,40,0,0,0,,0,,,,,,,,,,,,,,,,
237,Male Troll,ntrollm,24,127,60,54,48,0,0,1,,0,,,,,,,,,,,,,,,150,
238,Female Troll,ntrollf,25,127,60,54,48,0,0,1,,0,,,,,,,,,,,,,,,140,
239,Male Norse,nvikingm,28,135,75,62,72,0,0,1,,0,,,,,,,,,,,,,,,115,
240,Female Norse,nvikingf,29,158,75,58,52,230,0,1,,0,,,,,,,,,,,,,,,109,
241,Male Kobold,nkoboldm,26,140,72,54,48,0,0,1,,0,,,,,,,,,,,,,,,88,
242,Female Kobold,nkoboldf,27,130,72,72,72,230,0,1,,0,,,,,,,,,,,,,,,87,
243,Male Dwarf,ndwarfm,40,142,75,54,48,0,0,1,,0,,,,,,,,,,,,,,,100,
244,Female Dwarf,ndwarff,191,142,66,54,48,0,0,1,,0,,,,,,,,,,,,,,,100,
245,Cabalist Pet,cabalpet,20,150,100,100,100,0,0,0,,0,,,,,,,,,,,,,,,,
246,Goblin 2,goblin2,30,160,75,100,100,0,0,0,,0,,,,,,,,,,,,,,,,5
247,hobgoblin,hobgoblin,30,160,75,100,100,0,0,0,,0,,,,,,,,,,,,,,,,
248,vendo,vendo,31,200,80,100,100,0,0,0,,0,,,,,,,,,,,,,,,,
249,werewolf,ww,32,150,75,75,75,0,0,0,,0,,,,,,,,,,,,,,,,
250,Hibernian Celt Male,hceltm,48,135,75,75,75,0,0,1,,0,,278,,,,,,,,,,,,,100,
251,Hibernian Celt Female,hceltf,49,135,75,75,75,230,0,1,,0,,279,,,,,,,,,,,,,100,
252,Hibernian Elf male,helfm,48,135,75,75,75,0,0,1,,0,,,,,,,,,,,,,,,115,
253,Hibernian Elf Female,helff,49,135,75,75,75,230,0,1,,0,,,,,,,,,,,,,,,114,
254,Hibernian Firbolg Male,hfirbolgm,35,130,75,75,75,0,0,1,,0,,,,,,,,,,,,,,,150,
255,Hibernian Firbolg Female,hfirbolgf,36,130,75,75,75,0,0,1,,0,,,,,,,,,,,,,,,140,
256,Hibernian Lurikeen male,hlurikeenm,33,150,75,75,75,0,0,1,,0,,280,,,,,,,,,,,,,74,
257,Hibernian Lurikeen Female,hlurikeenf,34,150,75,75,75,0,0,1,,0,,281,,,,,,,,,,,,,74,
258,Ettin,ettin,37,150,120,65,65,0,0,0,,0,,,,,,,,,,,,,,,,
259,Ogre,ogre,39,200,80,100,100,0,0,0,,0,,,,,,,,,,,,,,,,
260,arachite 1,arachite01,38,225,110,110,110,0,0,0,,0,,,,,,,,,,,,,,,,
261,arachite 2,arachite02,38,225,110,110,110,0,0,0,,0,,,,,,,,,,,,,,,,
262,Horse,horse01,41,300,55,55,55,0,0,0,71,0,,,,,,,,,,,,,,,,
263,Scrag,scrag,42,120,35,35,35,0,0,0,,0,,,,,,,,,,,,,,,,
264,Red CSR,csrred,0,0,0,0,0,0,0,0,,0,,,,,,,,,,,,,,,,
265,Yellow CSR,csryellow,0,0,0,0,0,0,0,0,,0,,,,,,,,,,,,,,,,
266,Green CSR,csrgreen,0,0,0,0,0,0,0,0,,0,,,,,,,,,,,,,,,,
267,Blue CSR,csrblue,0,0,0,0,0,0,0,0,,0,,,,,,,,,,,,,,,,
268,Bandit 1,b_band01,22,175,65,52,46,45,0,0,,0,,,,,,,,,,,,,,,,
269,Bandit 2,b_band02,22,175,65,52,46,45,0,0,,0,,,,,,,,,,,,,,,,
270,Bandit leader 1,b_bandlead01,22,175,65,52,46,45,0,0,,0,,,,,,,,,,,,,,,,
271,bandit leader 2,b_bandlead02,22,175,65,52,46,45,0,0,,0,,,,,,,,,,,,,,,,
272,Standard female bandit,b_band01f,50,175,65,52,46,46,0,0,,0,,,,,,,,,,,,,,,,
273,Standard female bandit 2,b_band02f,50,175,65,52,46,46,0,0,,0,,,,,,,,,,,,,,,,
274,female bandit leader 1,b_band03f,50,175,65,52,46,46,0,0,,0,,,,,,,,,,,,,,,,
275,female bandit leader 2,b_band04f,50,175,65,52,46,46,0,0,,0,,,,,,,,,,,,,,,,
276,Wight,wight,43,230,110,110,110,0,0,0,,0,,,,,,,,,,,,,,,,
277,Lich,lich,44,230,110,110,110,0,0,0,,0,,,,,,,,,,,,,,,,
278,Undead male troll,n_trollmon01,45,140,60,54,48,0,0,0,,0,,,,,,,,,,,,,,,,
279,Undead male Elf,h_elfmon01,46,150,75,75,75,0,0,0,,0,,,,,,,,,,,,,,,,
280,undead female elf,h_elfmon01f,46,150,75,75,75,0,0,0,,0,,,,,,,,,,,,,,,,
281,undead male avalonian,b_avmon01,45,150,75,62,54,0,0,0,,0,,,,,,,,,,,,,,,,
282,undead female avalonian,b_avmon01f,46,175,75,58,52,0,0,0,,0,,,,,,,,,,,,,,,,
283,Cockatrice,cockatrice,47,140,45,130,130,0,0,0,,0,,,,,,,,,,,,,,,,
284,Basilisk,basilisk,47,140,45,130,130,0,0,0,,0,,,,,,,,,,,,,,,,
285,Unicorn,unicorn,41,150,55,55,55,0,0,0,,0,,,,,,,,,,,,,,,,
286,Crab,crab,51,300,150,55,55,0,0,0,,0,,,,,,,,,,,,,,,,
287,Scorpion,scorp,52,300,150,55,55,0,0,0,,0,,,,,,,,,,,,,,,,
288,Rat,rat,53,125,45,45,45,0,0,0,,0,,,,,,,,,,,,,,,,
289,Badger,badger,54,125,15,15,15,0,0,0,,0,,,,,,,,,,,,,,,,
290,Vendo Man,vendo_man,24,127,60,54,48,0,0,0,,0,,,,,,,,,,,,,,,,
291,Stag Man,stag_man,35,130,75,75,75,0,0,0,,0,,,,,,,,,,,,,,,,
292,Giant Mite,giantmite,55,255,80,100,100,0,0,0,,0,,,,,,,,,,,,,,,,
293,Weird Land Creature,land2legs,55,255,80,100,100,0,0,0,,0,,,,,,,,,,,,,,,,
294,weird sea creature,sea2legs,56,255,80,100,100,0,0,0,,0,,,,,,,,,,,,,,,,
295,pixie,pixie,57,250,100,100,100,0,0,0,,0,,,,,,,,,,,,,,,,
296,dragon,dragon01,58,200,50,50,50,0,0,0,,0,,,,,,,,,,,,,,,,
297,Demon,demon,59,300,120,100,100,0,0,0,,0,,,,,,,,,,,,,,,,
298,Imp,imp,60,180,75,100,100,0,0,0,,0,,,,,,,,,,,,,,,,
299,Afanc,afanc,61,300,135,100,100,0,0,0,,0,,,,,,,,,,,,,,,,
300,Baby Afanc,afancb,61,300,135,100,100,0,0,0,,0,,,,,,,,,,,,,,,,
301,Ogre Boss,ogre2,39,200,80,100,100,0,0,0,,0,,,,,,,,,,,,,,,,
302,Wolf Dragon,wlfdragon01,58,250,100,100,100,0,0,0,,0,,,,,,,,,,,,,,,,
303,Stone Dragon,stonedragon,58,250,100,100,100,0,0,0,,0,,,,,,,,,,,,,,,,
304,Zombie Dragon,glimmerdragon,58,250,100,100,100,0,0,0,,0,,,,,,,,,,,,,,,,
305,Dragowolf,dragwolf,7,180,52,52,52,0,0,0,,0,,,,,,,,,,,,,,,,
306,Svartalf,svartalfm,48,135,75,75,75,0,0,0,,0,,,,,,,,,,,,,,,,
307,glimmer knight,glimmerknight,62,192,80,75,75,0,0,0,,0,,,,,,,,,,,,,,,,
308,glimmer spellcaster,glimmercaster,63,192,80,75,75,0,0,0,,0,,,,,,,,,,,,,,,,
309,glimmer ghoul,glimmerghoul,62,192,80,75,75,0,0,0,,0,,,,,,,,,,,,,,,,
310,Skinny Giant,giant2,64,95,27,75,75,0,0,0,,0,,,,,,,,,,,,,,,,
311,Female Svartalf,svartalfF,49,135,75,75,75,0,0,0,,0,,,,,,,,,,,,,,,,
312,Legion (Soul Keeper),soulkeeper,65,52,52,52,52,0,0,0,,0,,,,,,,,,,,,,,,,
313,3 Headed Demon,3head,66,106,49,106,106,0,0,0,,0,,,,,,,,,,,,,,,,
314,Hag,hag,67,160,68,68,68,0,0,0,,0,,,,,,,,,,,,,,,,
315,Succubus,succubus,68,225,75,75,75,0,0,0,,0,,,,,,,,,,,,,,,,
316,Wolf 2,wolf2,7,180,52,52,52,222,0,0,,0,,,,,,,,,,,,,,,,
317,Handsome knight,knight_cloak,2,135,75,54,48,0,0,0,,0,,,,,,,,,,,,,,,,
318,Demon Knight,demon_knight,69,200,75,75,75,0,0,0,,0,,,,,,,,,,,,,,,,
319,Wraith,wraith,70,110,45,45,45,0,0,0,,0,,,,,,,,,,,,,,,,
320,Hulker,hulker,71,150,38,38,38,0,0,0,,0,,,,,,,,,,,,,,,,
321,Locust Head,locust,72,30,42,42,42,0,0,0,,0,,,,,,,,,,,,,,,,
322,Invisible Warrior,Invisible,2,135,75,54,48,0,0,0,115,0,,,,,,,,,,,,,,,,
323,Beetle,Beetle,74,235,125,100,250,0,0,0,,0,,,,,,,,,,,,,,,,
324,Gnome,Gnome,75,120,32,30,30,0,0,0,,0,,,,,,,,,,,,,,,,
325,Zombie Male Firbolg,HFirbolgMonM,35,130,75,75,75,0,0,0,,0,,,,,,,,,,,,,,,,
326,Zombie Female Firbolg,HFirbolgMonF,36,130,75,75,75,0,0,0,,0,,,,,,,,,,,,,,,,
327,Zombie Female Kobold,NKoboldMonF,27,130,72,72,72,0,0,0,,0,,,,,,,,,,,,,,,,
328,Zombie Male Kobold,NKoboldMonM,26,130,72,72,72,0,0,0,,0,,,,,,,,,,,,,,,,
329,Praying Mantis,Pmantis,80,155,115,115,75,0,1,0,,0,,,,,,,,,,,,,,,,
330,Primitive,Primitive,81,135,60,34,75,0,1,0,,0,,,,,,,,,,,,,,,,
331,Two  Headed Wolf ,2Hwolf,82,190,55,34,75,0,1,0,,0,,,,,,,,,,,,,,,,
332,Sabertooth,SaberT,83,210,74,74,75,0,1,0,,0,,,,,,,,,,,,,,,,
333,Gryphon,Gryphon,84,209,99,99,75,0,1,0,111,0,,,,,,,,,,,,,,,,
334,Gryphon 2,Gryphon_wingless,85,300,74,74,75,0,1,0,,0,,,,,,,,,,,,,,,,
335,Cniogcrag,CNI,91,235,70,149,75,0,1,0,,0,,,,,,,,,,,,,,,,
336,Megalocerous,Mega,92,300,70,70,75,0,1,0,,0,,,,,,,,,,,,,,,,
337,Shriller,Shriller,86,177,61,41,75,0,1,0,112,0,,,,,,,,,,,,,,,,
338,Amphitere,Amphitere,87,195,85,267,75,0,1,0,,0,,,,,,,,,,,,,,,,
339,Wooly Serpent,WoolyS,88,300,120,120,75,0,1,0,,0,,,,,,,,,,,,,,,,
340,Twisted Sylvan,tsylvan,89,215,65,68,68,0,1,0,,0,,,,,,,,,,,,,,,,
341,Formorian,Fomor1,90,135,55,45,75,0,1,0,,0,,,,,,,,,,,,,,,,
342,Legless Zombie,zombie_legless,73,135,55,45,75,0,0,0,,0,,,,,,,,,,,,,,,,
343,Formorian ,Fomor1,90,135,55,45,75,0,1,0,,0,,,,,,,,,,,,,,,,
346,Sylvan Male,HSylvanM_2,76,135,72,75,75,0,0,1,,0,,,,,,,,,,,,,,,112,
347,Sylvan Female,HSylvanF_2,77,135,72,75,75,0,0,1,,0,,,,,,,,,,,,,,,110,
348,Inconnu Male,BInconnuM_2,78,135,72,30,30,0,0,1,,0,,,,,,,,,,,,,,,95,
349,Inconnu Female,BInconnuF_2,79,135,75,30,30,0,0,1,,0,,,,,,,,,,,,,,,90,
350,Formorian with weapon,Fomor1,93,135,55,45,75,0,1,0,,0,,,,,,,,,,,,,,,,
351,Valkyn Male,NValkynM_2,96,190,75,75,75,0,0,0,,0,,,,,,,,,,,,,,,110,
352,Valkyn Female,NValkynF_2,97,200,50,75,75,0,0,0,,0,,,,,,,,,,,,,,,100,
353,Gryphon,Gryphon,94,209,99,99,75,0,1,0,,0,,,,,,,,,,,,,,,,
354,Orc,Orc,98,200,110,82,75,0,1,0,,0,,,,,,,,,,,,,,,,
355,Urchin,Urchin,99,190,55,55,75,0,1,0,,0,,,,,,,,,,,,,,,,
356,Manta,Manta,100,250,105,105,75,0,1,0,,0,,,,,,,,,,,,,,,,
357,Shrouder,Shrouder,101,220,125,125,75,0,1,0,,0,,,,,,,,,,,,,,,,
358,Botonid,Botonid,102,245,155,155,75,0,1,0,,0,,,,,,,,,,,,,,,,
359,Dragon Fly,Dfly,103,180,95,95,75,0,1,0,,0,,,,,,,,,,,,,,,,
360,Mushroom,Mushroom,104,90,45,45,75,0,0,0,,0,,,,,,,,,,,,,,,,
361,Red Cap Gnome,Gnome_redcap,105,120,40,40,30,0,1,0,,0,,,,,,,,,,,,,,,,
362,Guag,Guargaran,106,140,80,100,100,0,1,0,,0,,,,,,,,,,,,,,,,
363,Cicada,Cicada,107,125,100,100,100,0,1,0,,0,,,,,,,,,,,,,,,,
364,Formorian 02,Fomor2,108,180,50,45,75,0,1,0,,0,,,,,,,,,,,,,,,,
365,Formorian 03,Fomor3,109,180,60,45,75,0,1,0,,0,,,,,,,,,,,,,,,,
366,Formorian 04,Fomor4,110,180,50,45,75,0,1,0,,0,,,,,,,,,,,,,,,,
367,Mammoth,Mammoth,111,160,100,100,100,0,1,0,,0,,,,,,,,,,,,,,,,
368,Lamia,Lamia,112,180,130,100,100,0,1,0,,0,,,,,,,,,,,,,,,,
369,Necromancer Shade,Necroshade,113,110,45,45,45,0,0,0,,0,,,,,,,,,,,,,,,,
370,Fomorian Boss,BossF,114,180,100,80,100,0,1,0,,0,,,,,,,,,,,,,,,,
371,Clock Work Troll,CWTroll,115,165,50,100,100,0,1,0,,0,,,,,,,,,,,,,,,,
372,Slug,Slug,116,220,100,100,100,0,1,0,,0,,,,,,,,,,,,,,,,
373,Rencan,Rencan,117,210,85,85,100,0,1,0,,0,,,,,,,,,,,,,,,,
374,Tree Dervish,TreeD,118,165,60,75,100,0,1,0,,0,,,,,,,,,,,,,,,,
375,Larnvidur,Larnvidur,119,150,65,70,100,0,1,0,,0,,,,,,,,,,,,,,,,
376,Terror Bird,Terrorbird,120,130,125,100,100,0,1,0,,0,,,,,,,,,,,,,,,,
377,Clock Work Human,CWHuman,121,165,50,50,100,0,1,0,,0,,,,,,,,,,,,,,,,
378,Arbordon,Arbordon,122,185,60,60,100,0,1,0,,0,,,,,,,,,,,,,,,,
379,Anglich,Anglich,123,150,80,80,100,0,1,0,,0,,,,,,,,,,,,,,,,
380,2 Headed Dragon,2HDragon,124,185,85,85,100,0,1,0,,0,,,,,,,,,,,,,,,,
381,Ogress,Ogress,125,170,60,100,100,0,1,0,,0,,,,,,,,,,,,,,,,
382,Root Monster,Root,126,100,100,100,100,0,1,0,,0,,,,,,,,,,,,,,,,
383,Hydra,Hydra,127,100,100,100,100,0,1,0,,0,,,,,,,,,,,,,,,,
384,Sea Elf/Wood Elf Male,H_ElfMon01,48,135,75,75,75,0,1,0,,0,,,,,,,,,,,,,,,,
385,Sea Elf/Wood Elf Female,H_ElfMon01F,49,135,75,75,75,0,1,0,,0,,,,,,,,,,,,,,,,
386,Morvalt Female,NMorvaltF,97,190,50,75,75,0,1,0,,0,,,,,,,,,,,,,,,,
387,Morvalt Male,NMorvaltM,96,200,50,75,75,0,1,0,,0,,,,,,,,,,,,,,,,
388,Drak High Boss W/Wings,Drakwing,128,165,65,65,100,0,1,0,,0,,,,,,,,,,,,,,,,
389,Drak Low Boss w/o Wings,Drakwingless,128,165,65,65,100,0,1,0,,0,,,,,,,,,,,,,,,,
390,Drak Brute Squad,Drakwarrior,128,165,65,65,100,0,1,0,,0,,,,,,,,,,,,,,,,
391,Yale,Yale,92,300,70,70,75,0,1,0,,0,,,,,,,,,,,,,,,,
392,Dilophasaur ,Dilo,129,215,75,100,100,0,1,0,,0,,,,,,,,,,,,,,,,
393,Seadog,Seadog,83,210,74,74,75,0,1,0,,0,,,,,,,,,,,,,,,,
394,Griffman,Griffman,140,215,95,82,75,0,1,0,,0,,,,,,,,,,,,,,,,
395,Ghost,Ghost,130,225,100,100,100,0,1,0,,0,,,,,,,,,,,,,,,,
396,Vinemass,Vinemass,104,100,100,100,100,0,1,0,,0,,,,,,,,,,,,,,,,
397,Octonid,Octonid,133,140,100,100,100,0,1,0,,0,,,,,,,,,,,,,,,,
398,Stilter,Stilter,134,140,100,100,100,0,1,0,,0,,,,,,,,,,,,,,,,
399,Corpse Light Node,CorpseLightNode,0,100,100,100,100,0,0,0,115,0,,,,,,,,,,,,,,,,
400,Sporite,Sporite,131,180,100,100,100,0,1,0,,0,,,,,,,,,,,,,,,,
401,Beckoner,Beckoner,139,220,100,100,100,0,1,0,,0,,,,,,,,,,,,,,,,
402,Fengundar,fengundar,138,220,100,100,100,0,1,0,,0,,,,,,,,,,,,,,,,
403,Skeleton With Guts,Skel02_guts,4,180,60,75,75,0,1,0,,0,,,,,,,,,,,,,,,,
404,Bug Bear,Bugbear,118,165,60,75,100,0,1,0,,0,,,,,,,,,,,,,,,,
405,Frost Giant,FrostGiant,135,155,100,100,100,0,1,0,,0,,,,,,,,,,,,,,,,
406,Thrawn Ogre,thrawnogre,137,170,60,100,100,0,1,0,,0,,,,,,,,,,,,,,,,
407,New Skeleton,skel02,166,180,60,75,75,0,0,0,,0,,,,,,,,,,,,,,,,
408,Corpse,corpse,45,180,60,75,75,0,1,0,,0,,,,,,,,,,,,,,,,
409,Headless Corpse,corpse_headless,45,180,60,75,75,0,1,0,,0,,,,,,,,,,,,,,,,
410,Crawling Zombie,corpse_half,136,90,40,40,40,0,1,0,,0,,,,,,,,,,,,,,,,
411,Armored Skeleton,Skel_armor,145,180,60,75,75,0,1,0,,0,,,,,,,,,,,,,,,,
412,Grazer,Grazer,141,125,95,100,100,0,1,0,,0,,,,,,,,,,,,,,,,
413,Ice Queen,Ice_Queen,142,195,100,52,46,0,1,0,,0,,,,,,,,,,,,,,,,
414,Treant,Treant,146,215,65,68,68,0,1,0,,0,,,,,,,,,,,,,,,,
415,Red Cap NO WEAP,Gnome_redcap,143,120,35,40,30,0,1,0,,0,,,,,,,,,,,,,,,,
416,Undead Elk,Mega,92,300,70,70,75,0,1,0,,0,,,,,,,,,,,,,,,,
417,Animus Giant,Arbordon,144,200,60,60,100,0,1,0,,0,,,,,,,,,,,,,,,,
418,Rock Golem,golem_rock,115,165,50,100,100,0,1,0,,0,,,,,,,,,,,,,,,,
419,Bone Dancer Pet,bonedancerpet,69,200,75,75,75,0,0,0,,0,,,,,,,,,,,,,,,,
420,Briton Male,bcommonm,147,135,35,54,48,0,0,1,,0,,,,,,,,,,,,,,,,
421,Briton Female,bcommonf,148,158,35,52,46,0,0,1,,0,,,,,,,,,,,,,,,,
422,Hibernian Celt Male,hceltm,147,135,35,75,75,0,0,1,,0,,,,,,,,,,,,,,,,
423,Hibernian Celt Female,hceltf,148,135,35,75,75,0,0,1,,0,,,,,,,,,,,,,,,,
424,Male Norse,nvikingm,147,135,35,62,72,0,0,1,,0,,,,,,,,,,,,,,,,
425,Female Norse,nvikingf,148,158,35,58,52,0,0,1,,0,,,,,,,,,,,,,,,,
426,Barracuda,barracuda,149,200,100,100,100,0,1,0,,0,,,,,,,,,,,,,,,,
427,Dread Shark,Dredshark,150,280,220,220,100,0,1,0,,0,,,,,,,,,,,,,,,,
428,Octopussy,Octopus,151,300,300,100,100,0,1,0,,0,,,,,,,,,,,,,,,,
429,Shark,shark,152,200,75,75,100,0,1,0,,0,,,,,,,,,,,,,,,,
430,Hammerhead,shark_hammerhead,153,200,75,75,100,0,1,0,,0,,,,,,,,,,,,,,,,
431,Cetus,Cetus,154,200,75,75,100,0,2,0,,0,,,,,,,,,,,,,,,,
432,Sting Ray,StingrayA,155,100,100,100,100,0,1,0,,0,,,,,,,,,,,,,,,,
433,Triton,Triton,156,200,100,100,100,0,2,0,,0,,,,,,,,,,,,,,,,
434,Nereid,Nereid,157,200,100,100,100,0,2,0,,0,,,,,,,,,,,,,,,,
435,Triton Lt,Triton_Lt,156,200,100,100,100,0,2,0,,0,,,,,,,,,,,,,,,,
436,Nereid Lt,Nereid_Lt,157,200,100,100,100,0,2,0,,0,,,,,,,,,,,,,,,,
437,Eel,Eel,158,75,45,45,100,0,1,0,,0,,,,,,,,,,,,,,,,
438,Hoplite,Hoplite,159,100,100,100,100,0,0,0,,0,,,,,,,,,,,,,,,,
439,Hoplite_Lt,Hoplite_Lt,160,100,100,100,100,0,2,0,,0,,,,,,,,,,,,,,,,
440,Amazon,Amazon,159,100,100,100,100,0,2,0,,0,,,,,,,,,,,,,,,,
441,Amazon_LT,Amazon_LT,160,100,100,100,100,0,2,0,,0,,,,,,,,,,,,,,,,
442,Harpy,Harpy,161,100,100,100,100,0,2,0,114,0,,,,,,,,,,,,,,,,
443,Shark_tigerleopard,Shark_tigerleopard,152,300,55,75,100,0,1,0,,0,,,,,,,,,,,,,,,,
444,Fish 01,Fish01,162,100,100,100,100,0,1,0,,0,,,,,,,,,,,,,,,,
445,Fish 02,Fish02,162,100,100,100,100,0,1,0,,0,,,,,,,,,,,,,,,,
446,Fish 03,Fish03,162,100,100,100,100,0,1,0,,0,,,,,,,,,,,,,,,,
447,Fish 04,Fish04,162,100,100,100,100,0,1,0,,0,,,,,,,,,,,,,,,,
448,Atlantis Crab,crab,163,300,150,55,55,0,0,0,,0,,,,,,,,,,,,,,,,
449,Male Half Ogre,BHalfOgreM,164,127,60,54,48,0,0,1,,0,,,,,,,,,,,,,,,127,
450,Female Half Ogre,BHalfOgreF,165,127,60,54,48,0,0,1,,0,,,,,,,,,,,,,,,123,
451,Sobekite ,Sobekite,172,250,65,100,100,0,0,0,,0,,,,,,,,,,,,,,,,
452,Sobekite LT ,Sobekite_LT,172,250,65,100,100,0,2,0,,0,,,,,,,,,,,,,,,,
453,Setian ,Setian,173,250,65,100,100,0,2,0,,0,,,,,,,,,,,,,,,,
454,Setian LT ,Setian_LT,173,250,65,100,100,0,2,0,,0,,,,,,,,,,,,,,,,
455,Nehebkau ,NEHEBKAU,171,250,65,100,100,0,2,0,,0,,,,,,,,,,,,,,,,
456,Mau ,Mau,167,250,70,100,100,0,2,0,,0,,,,,,,,,,,,,,,,
457,Mau LT ,Mau_LT,167,250,70,100,100,0,2,0,,0,,,,,,,,,,,,,,,,
458,Horian ,Horian,168,250,60,100,100,0,0,0,,0,,,,,,,,,,,,,,,,
459,Anubite ,Anubite,167,175,60,100,100,0,0,0,,0,,,,,,,,,,,,,,,,
460,Anubite LT ,Anubite_LT,167,250,60,100,100,0,2,0,,0,,,,,,,,,,,,,,,,
461,Anubite MUM ,Anubite_MUM,167,250,60,100,100,0,2,0,,0,,,,,,,,,,,,,,,,
462,Ammut,Ammut,169,250,80,100,100,0,2,0,,0,,,,,,,,,,,,,,,,
463,Typhon,Typhon,170,200,200,100,100,0,2,0,,0,,,,,,,,,,,,,,,,
464,Male Frostalf,NSvartalfM,174,135,75,75,75,0,0,1,,0,,,,,,,,,,,,,,,100,
465,Female Frostalf,NSvartalfF,29,135,75,75,75,0,0,1,,0,,,,,,,,,,,,,,,95,
466,Hoplite Metal Statues,Hoplite_Metal,159,100,100,100,100,0,2,0,,0,,,,,,,,,,,,,,,,
467,Amazon Metal Statues,Amazon_metal,159,100,100,100,100,0,2,0,,0,,,,,,,,,,,,,,,,
468,Sphinx_Andro,Sphinx_Andro,176,230,100,100,100,0,2,0,,0,,,,,,,,,,,,,,,,
469,Sphinx_Hieraco,Sphinx_Hieraco,176,230,100,100,100,0,2,0,,0,,,,,,,,,,,,,,,,
470,Sphinx Crio,Sphinx_Crio,176,230,100,100,100,0,2,0,,0,,,,,,,,,,,,,,,,
471,Sphinx Gyno,Sphinx_Gyno,177,220,100,100,100,0,2,0,,0,,,,,,,,,,,,,,,,
472,Chimera,Chimera,178,150,80,100,100,0,2,0,,0,,,,,,,,,,,,,,,,
473,Talos,Talos,179,100,100,100,100,0,2,0,,0,,,,,,,,,,,,,,,,
474,Gorgon,Gorgon,180,100,100,100,100,0,2,0,,0,,,,,,,,,,,,,,,,
475,Medusa,Medusa,181,90,60,100,100,0,2,0,,0,,,,,,,,,,,,,,,,
476,Minotaur,Minotaur,182,200,70,100,100,0,2,0,,0,,,,,,,,,,,,,,,,5
477,Minotaur_LT,Minotaur_LT,182,200,70,100,100,0,2,0,,0,,,,,,,,,,,,,,,,
478,Stygian_lion,Stygian_lion,183,250,75,100,100,0,2,0,,0,,,,,,,,,,,,,,,,
479,Djinn,Djinn,184,100,100,100,100,0,0,0,,0,,,,,,,,,,,,,,,,
480,Djinn LT,DJinn_LT,184,100,100,100,100,0,0,0,,0,,,,,,,,,,,,,,,,
481,Dao,Dao,184,100,100,100,100,0,0,0,,0,,,,,,,,,,,,,,,,
482,Marid,Marid,184,100,100,100,100,0,0,0,,0,,,,,,,,,,,,,,,,-45
483,Jinni,Jinni,184,100,100,100,100,0,0,0,,0,,,,,,,,,,,,,,,,
484,Efreet,Efreet,184,100,100,100,100,0,0,0,,0,,,,,,,,,,,,,,,,
485,Scarab 01,Scarab_00,74,235,125,100,250,0,2,0,,0,,,,,,,,,,,,,,,,
486,Scarab 02,Scarab_01,74,235,125,100,250,0,2,0,,0,,,,,,,,,,,,,,,,
487,Hoplite_extra,Hoplite_extra,159,100,100,100,100,0,2,0,,0,,,,,,,,,,,,,,,,
488,Winged Scarab,Wscarab,185,235,125,100,250,0,2,0,,0,,,,,,,,,,,,,,,,
489,Dragon Fly Mount,Dragonfly,186,180,95,95,75,0,1,0,113,0,,,,,,,,,,,,,,,,
490,Shar Male,HSharM,197,135,75,54,48,0,0,1,,0,,282,,,,,,,,,,,,,100,
491,Shar Female,HSharF,198,158,65,52,46,0,0,1,,0,,283,,,,,,,,,,,,,97,
492,Centaur,Centaur,187,200,100,100,100,0,2,0,,0,,,,,,,,,,,,,,,,
493,Centaur LT,Centaur_LT,187,200,100,100,100,0,2,0,,0,,,,,,,,,,,,,,,,
494,CentaurW,CentaurW,188,275,100,100,100,0,2,0,,0,,,,,,,,,,,,,,,,
495,CentaurW lt,CentaurW_lt,188,200,100,100,100,0,2,0,,0,,,,,,,,,,,,,,,,
496,Phoenix,Phoenix,189,200,100,100,100,0,2,0,,0,,,,,,,,,,,,,,,,
497,Cyclops,Cyclops,190,200,120,100,100,0,2,0,,0,,,,,,,,,,,,,,,,
498,Cyclops Lt.,Cyclops_LT,190,200,120,100,100,0,2,0,,0,,,,,,,,,,,,,,,,
499,Iaculi,Iaculi,192,200,100,100,100,0,2,0,,0,,,,,,,,,,,,,,,,
500,Uraeus,Uraeus,192,200,120,100,100,0,2,0,,0,,,,,,,,,,,,,,,,
501,Crocodile,crocodile,194,100,52,100,100,0,0,0,,0,,,,,,,,,,,,,,,,
502,salamander,salamander,194,100,50,100,100,0,0,0,,0,,,,,,,,,,,,,,,,
503,Scorpion Two,Scorp2,195,100,52,100,100,0,2,0,,0,,,,,,,,,,,,,,,,
504,Manticore,Manticore,193,100,100,100,100,0,2,0,,0,,,,,,,,,,,,,,,,
505,Albion Relic Guard,BKnightM,2,135,75,54,48,0,0,0,,0,,,,,,,,,,,,,,,,
506,Draco,Draco,196,200,100,100,100,0,2,0,,0,,,,,,,,,,,,,,,,
508,Fire Elemental,Fire_elemental,159,100,100,100,100,0,0,0,,0,,,,,,,,,,,,,,,,
509,Mummy 1,mummy,110,200,50,45,75,0,2,0,,0,,,,,,,,,,,,,,,,
510,Mummy 2,mummy,45,200,60,54,48,0,2,0,,0,,,,,,,,,,,,,,,,
511,MJarlM,MJarlM,2,135,75,54,48,0,0,0,,0,,,,,,,,,,,,,,,,
512,HRangerM,HRangerM,2,135,75,54,48,0,0,0,,0,,,,,,,,,,,,,,,,
513,HGuardianM,HGuardianM,2,135,75,54,48,0,0,0,,0,,,,,,,,,,,,,,,,
514,BScoutM,BScoutM,2,135,75,54,48,0,0,0,,0,,,,,,,,,,,,,,,,
515,Tornado Force Ride,Invisible,2,135,75,54,48,0,0,0,114,0,,,,,,,,,,,,,,,,
516,Ettin,Cata_ettin,199,190,80,80,80,0,4,0,,0,,,,,,,,,,,,,,,,
517,Lion,Cata_lion,203,145,35,35,35,0,4,0,,0,,,,,,,,,,,,,,,,
518,Spider,Cata_spider,201,175,75,75,75,0,4,0,,0,,,,,,,,,,,,,,,,
519,Snake,Cata_snake,202,200,75,75,75,0,4,0,,0,,,,,,,,,,,,,,,,
520,Lynx,Cata_lynx,203,200,52,75,75,0,4,0,,0,,,,,,,,,,,,,,,,
521,Ogre,Cata_ogre,204,190,73,73,73,0,4,0,,0,,,,,,,,,,,,,,,,1
522,Skeleton,Skeleton,206,180,25,75,75,0,4,0,,0,,,,,,,,,,,,,,,,
523,Bear,Cata_bear,205,125,40,40,40,0,4,0,,0,,,,,,,,,,,,,,,,
524,New Briton,BritonM1,207,135,75,54,48,0,3,1,,1,,,,,,,,,,,,,,,,
525,Giant,Cata_giant,215,140,100,100,100,0,4,0,,0,,,,,,,,,,,,,,,,
526,Crystal Titan,Crystal_Titan,159,100,100,100,100,0,0,0,,0,,,,,,,,,,,,,,,,
527,Ant,Cata_ant,208,150,60,60,60,0,4,0,,0,,,,,,,,,,,,,,,,
528,Wounded Highlander,bhilandm,45,135,75,62,72,147,0,1,,0,,,,,,,,,,,,,,,,
529,Wolf,Cata_wolf,209,140,25,35,52,0,4,0,,0,,,,,,,,,,,,,,,,
541,Sprite,Cata_Sprite,212,150,45,35,35,0,4,0,,0,,,,,,,,,,,,,,,,
542,Fellwood,Cata_Fellwood,213,75,50,50,50,0,4,0,,0,,,,,,,,,,,,,,,,
543,New Scrag,Cata_scrag,214,135,50,50,50,0,4,0,,0,,,,,,,,,,,,,,,,
544,New Brownie,Cata_brownie,216,140,40,35,35,0,4,0,,0,,,,,,,,,,,,,,,,
545,New Roman Dead,Romandead_new,217,150,20,30,30,0,4,0,,0,,,,,,,,,,,,,,,,
546,Cata - 2 Headed Wolf,2headed_Wolf,218,100,50,50,50,0,4,0,,0,,,,,,,,,,,,,,,,
549,Wolf,wolf,221,140,35,35,35,0,0,0,,0,,,,,,,,,,,,,,,,
550,Wolf 2,wolf2,222,50,25,52,52,222,0,0,,0,,,,,,,,,,,,,,,,
561,Tadpole,SpriteTadpol,294,135,75,54,48,0,3,0,,0,,,,,,,,,,,,,,,,
566,Evil Kobold,EvilKobold,225,80,51,51,51,0,3,0,,0,,,,,,,,,,,,,,,,
575,Mine Cart,Kobold_minecart_A,211,0,0,0,0,0,3,0,116,0,,,,,,,,,,,,,,,,
580,Trebuchet Monster,siege_cat_ranged,232,1,1,1,1,0,3,0,,0,,,,,,,,,,,,,,,,
581,Terraacite Minion,terracite_minion,269,175,42,42,42,0,3,0,,0,,,,,,,,,,,,,,,,
582,Cata Briton Male,bri_m,233,178,70,70,70,0,4,1,,3,1,,1,,,,,,,,,,,,100,
583,Cata Valkyn Male,val_m,259,230,75,75,75,0,4,1,,3,27,,2,,,,1,,,,,,,,110,
584,Cata Saracen Male,sar_m,235,192,70,70,70,0,4,1,,3,3,,1,,,,,,,,,,,,100,
585,Cata Saracen Female,sar_f,236,160,75,54,48,0,4,1,,3,4,,2,,,,,,,,,,,,95,
586,Cata Frostalf Male,fro_m,237,160,75,75,75,0,4,1,,3,5,,1,,,,1,,,,,,,,100,
587,Cata Frostalf Female,fro_f,238,160,75,75,75,0,4,1,,3,6,,1,,,,1,,,,,,,,95,
588,Cata Shar Male,sha_m,239,160,75,54,48,0,4,1,,3,7,288,2,,,,1,,,,,,,,100,
589,Cata Shar Female,sha_f,240,188,65,52,46,0,4,1,,3,8,289,2,,,,1,,,,,,,,97,
590,Cata Avalonian Male,ava_m,241,160,75,62,54,0,4,1,,3,9,,2,,,,,,,,,,,,120,
591,Cata Avalonian Female,ava_f,242,188,75,58,52,229,4,1,,3,10,,2,,,,,,,,,,,,118,
592,Cata Elf Male,elf_m,243,160,75,75,75,0,4,1,,3,11,,1,,,,1,,,,,,,,115,
593,Cata Elf Female,elf_f,244,160,75,75,75,229,4,1,,3,12,,2,,,,1,,,,,,,,114,
594,Cata Highlander Male,hig_m,245,160,75,62,72,0,4,1,,3,13,,2,,,,,,,,,,,500,120,
595,Cata Highlander Female,hig_f,246,188,75,58,52,229,4,1,,3,14,,1,,,,,,,,,,,,109,
596,Cata Norse Male,nor_m,247,160,75,62,72,0,4,1,,3,15,,1,,,,,,,,,,,,115,
597,Cata Norse Female,nor_f,248,188,75,58,52,229,4,1,,3,16,,1,,,,,,,,,,,,109,
598,Cata Lurikeen Male,lur_m,249,180,75,75,75,0,4,1,,3,17,286,2,,,,1,,,,,,,,84,
599,Cata Lurikeen Female,lur_f,250,180,75,75,75,0,4,1,,3,18,287,1,,,,1,,,,,,,,84,
600,Cata Kobold Male,kob_m,251,168,72,54,48,0,4,1,,3,19,,1,,,,1,,,,,,,1750,88,
601,Cata Kobold Female,kob_f,252,156,72,72,72,229,4,1,,3,20,,1,,,,1,,,,,,,1500,87,
602,Cata Dwarf Male,dwa_m,253,170,75,54,48,0,4,1,,3,21,,2,,,,,,,,,,,1000,100,
603,Cata Dwarf Female,dwa_f,254,170,66,54,48,0,4,1,,3,22,,1,,,,,,,,,,,500,100,
604,Cata Inconnu Male,inc_m,255,160,72,30,30,0,4,1,,3,23,,2,,,,1,,,,,,,2250,95,
605,Cata Inconnu Female,inc_f,256,160,75,30,30,0,4,1,,3,24,,2,,,,1,,,,,,,500,90,
606,Cata Half Ogre Male,hal_m,257,320,60,54,48,0,4,1,,3,25,,1,,,,,,,,,,,1000,127,
607,Cata Half Ogre Female,hal_f,258,320,60,54,48,0,4,1,,3,26,,1,,,,,,,,,,,500,123,
608,Cata Briton Female,bri_f,234,236,90,90,90,229,4,1,,3,2,,1,,,,,,,,,,,,100,
609,Cata Valkyn Female,val_f,260,240,50,75,75,0,4,1,,3,28,,2,,,,1,,,,,,,,100,
610,Cata Firbolg Male,fir_m,261,190,75,75,75,0,4,1,,3,29,,2,,,,1,,,,,,,,150,
611,Cata Firbolg Female,fir_f,262,160,75,75,75,0,4,1,,3,30,,2,,,,1,,,,,,,,140,
612,Cata Troll Male,tro_m,263,190,60,54,48,0,4,1,,3,31,,2,,,,1,,,,2250,,,,150,
613,Cata Troll Female,tro_f,264,151,60,54,48,0,4,1,,3,32,,1,,,,1,,,,,,,,140,
614,Cata Celt Male,cel_m,265,160,75,75,75,0,4,1,,3,33,284,1,,,,,,,,,,,,100,
615,Cata Celt Female,cel_f,266,160,75,75,75,229,4,1,,3,34,285,2,,,,,,,,,,,,100,
616,Cata Sylvan Male,syl_m,267,160,72,75,75,0,4,1,,3,35,,2,,,,,,,,,,,,112,
617,Cata Sylvan Female,syl_f,268,160,72,75,75,0,4,1,,3,36,,2,,,,,,,,,,,,110,
618,Terraacite Minion,terracite_minion,269,175,70,42,42,0,3,0,,0,,,,,,,,,,,,,,,,
619,Terracite Boss,terracite_boss,269,175,70,42,42,0,3,0,,0,,,,,,,,,,,,,,,,
620,Gargoyle Ground,gargoyle_ground,270,180,50,100,100,0,3,0,,0,,,,,,,,,,,,,,,,
621,Gargoyle Air,gargoyle_air,271,180,50,100,100,0,3,0,114,0,,,,,,,,,,,,,,,,
622,Posessed Kobold 2 Naked,PK2_naked,226,150,51,51,51,0,3,0,,0,,,,,,,,,,,,,,,,
623,Posessed Kobold 2 Leather,PK2_Leather,226,150,51,51,51,0,3,0,,0,,,,,,,,,,,,,,,,
624,Posessed Kobold 2 Plate,PK2_Plate,226,150,51,51,51,0,3,0,,0,,,,,,,,,,,,,,,,
625,Posessed Kobold 3 Naked,PK3_naked,276,150,51,51,51,0,1,0,,0,,,,,,,,,,,,,,,,
626,Posessed Kobold 3 Leather,PK3_leather,276,150,51,51,51,0,3,0,,0,,,,,,,,,,,,,,,,
627,Posessed Kobold 3 Plate,PK3_plate,276,150,51,51,51,0,3,0,,0,,,,,,,,,,,,,,,,
628,Half Orc,halforc,233,150,70,42,42,0,3,0,,0,,,,,,,,,,,,,,,,
629,Half Orc Heavy,halforc_heavy,233,150,70,42,42,0,3,0,,0,,,,,,,,,,,,,,,,
630,Gnoll,gnoll,96,190,75,75,75,0,3,0,,0,,,,,,,,,,,,,,,,
631,Gnoll Boss,gnoll_heavy,96,190,75,75,75,0,3,0,,0,,,,,,,,,,,,,,,,
632,Shackled Soul,shackled_soul,292,200,75,62,72,0,0,1,,0,,,,,,,,,,,,,,,,
633,Giant,Cata_giant,215,190,100,100,100,0,3,0,,0,,,,,,,,,,,,,,,,
634,Heretic Shapechange,zombie,8,200,40,75,75,0,0,0,,0,,,,,,,,,,,,,,,,
635,Kobold Tele,koboldteleporter,0,0,0,0,0,0,3,0,,0,,,,,,,,,,,,,,,,
636,Cata Rock Creature,cat_rock_creature,277,100,40,60,60,0,3,0,,0,,,,,,,,,,,,,,,,
637,Shar Teleporter,SharMiniTP,0,0,0,0,0,0,3,0,,0,,,,,,,,,,,,,,,,
638,Glastin,Glastin,274,100,100,100,100,0,3,0,,0,,,,,,,,,,,,,,,,
639,Glastin Shaman/War,Glastin,275,100,100,100,100,0,3,0,,0,,,,,,,,,,,,,,,,
640,Inconnu Teleporter,inconnuminitp,0,0,0,0,0,0,3,0,,0,,,,,,,,,,,,,,,,
641,Disturbed Crewman,Dis_crewman,233,135,75,54,48,0,3,0,,0,,,,,,,,,,,,,,,,
642,Cata Bandits,Cat_Bandits,233,135,75,54,48,0,3,0,,0,,,,,,,,,,,,,,,,
643,Bainshee Celt,Bainshee,290,135,75,75,75,0,4,1,,3,37,285,1,,,,,,,,,,,,,
644,Bainshee Luri,lur_Bainshee,290,135,75,75,75,0,4,1,,3,38,285,1,,,,,,,,,,,,,
645,Bainshee Elf,elf_Bainshee,290,135,75,75,75,0,4,1,,3,39,285,1,,,,,,,,,,,,,
646,Possesed Inconnu 1,PI_base,226,80,51,51,51,0,3,0,,0,,,,,,,,,,,,,,,,
647,Possesed Inconnu 2,PI2_base,226,150,51,51,51,0,3,0,,0,,,,,,,,,,,,,,,,
648,Possesed Inconnu 3,PI3_base,276,150,51,51,51,0,1,0,,0,,,,,,,,,,,,,,,,
649,Giant,Cata_giant,215,190,100,100,100,0,3,0,,0,,,,,,,,,,,,,,,,
650,GlastinBoss2,GlastinBoss1,291,200,50,50,50,0,3,0,,0,,,,,,,,,,,,,,,,
651,GlastinBoss1,GlastinBoss2,291,200,50,50,50,0,3,0,,0,,,,,,,,,,,,,,,,
652,Possessed Inconnu 2 Leather,PI2_Leather,226,150,51,51,51,0,3,0,,0,,,,,,,,,,,,,,,,
653,Possessed Inconnu 2 Plate,PI2_Plate,226,150,51,51,51,0,3,0,,0,,,,,,,,,,,,,,,,
654,Possessed Inconnu 3 Leather,PI3_Leather,276,150,51,51,51,0,3,0,,0,,,,,,,,,,,,,,,,
655,Possessed Inconnu 3 Plate,PI3_Plate,276,150,51,51,51,0,3,0,,0,,,,,,,,,,,,,,,,
656,Mordred,mordred,233,160,70,70,70,0,3,0,,0,,,,,,,,,,,,,,,,
657,Morrigan,morrigan,233,160,70,70,70,0,3,0,,0,,,,,,,,,,,,,,,,
658,Bat,bat,293,100,100,100,100,0,1,0,,0,,,,,,,,,,,,,,,,
659,Gullvieg,gullvieg,233,160,70,70,70,0,3,0,,0,,,,,,,,,,,,,,,,
660,NPC Tree,tree_npc,213,75,50,50,50,0,4,0,,0,,,,,,,,,,,,,,,,
661,Classic Bainshee,BainsheeSI,295,135,75,75,75,0,1,0,,0,,,,,,,,,,,,,,,,
662,DarkElf_F,DarkElf_F,234,192,90,90,90,0,3,0,,0,,,,,,,,,,,,,,,,
663,DarkElf_M,DarkElf_M,233,160,70,70,70,0,3,0,,0,,,,,,,,,,,,,,,,
664,DarkElf_Queen,DarkElf_Queen,234,192,90,90,90,0,3,0,,0,,,,,,,,,,,,,,,,
665,DarkElf_King,DarkElf_KING,233,160,70,70,70,0,3,0,,0,,,,,,,,,,,,,,,,
666,PS_base,PS_base,226,150,51,51,51,0,3,0,,0,,,,,,,,,,,,,,,,
667,PS2_base,PS2_base,226,150,51,51,51,0,3,0,,0,,,,,,,,,,,,,,,,
668,PS2_Leather,PS2_Leather,226,150,51,51,51,0,3,0,,0,,,,,,,,,,,,,,,,
669,PS2_Plate,PS2_Plate,226,150,51,51,51,0,3,0,,0,,,,,,,,,,,,,,,,
670,PS3_naked,PS3_naked,276,150,51,51,51,0,1,0,,0,,,,,,,,,,,,,,,,
671,PS3_Leather,PS3_Leather,276,150,51,51,51,0,3,0,,0,,,,,,,,,,,,,,,,
672,PS3_Plate,PS3_Plate,276,150,51,51,51,0,3,0,,0,,,,,,,,,,,,,,,,
673,Mine Cart 2,minecart_A,211,0,0,0,0,0,3,0,116,0,,,,,,,,,,,,,,,,
674,Cata Stag form,stag,297,130,75,75,75,0,4,1,,3,40,285,2,,,,,,,,,,,,,
675,DIAN,DIAN,263,127,60,54,48,0,3,0,,0,,,,,,,,,,,,,,,,
676,DOTHER,DOTHER,253,142,75,54,48,0,3,0,,0,,,,,,,,,,,,,,,,
677,Dub,DUB,243,135,75,75,75,0,3,0,,0,,,,,,,,,,,,,,,,
678,Fafner,Fafner,296,160,70,70,70,0,3,0,,0,,,,,,,,,,,,,,,,
679,Cata Bear form,Bear,297,135,75,75,75,0,4,1,,3,41,285,2,,,,,,,,,,,,,
680,Morgan Le Fay,morganlefay,234,192,90,90,90,0,3,0,,0,,,,,,,,,,,,,,,,
681,hockey_goalstick,hockey_goalstick,0,0,0,0,0,0,1,0,,0,,,,,,,,,,,,,,,,
682,Hockey Field Marker,Invisible,0,0,0,0,0,0,1,0,,0,,,,,,,,,,,,,,,,
683,Tutorial Freeze Monster,Invisible,2,135,75,54,48,0,0,0,8,0,,,,,,,,,,,,,,,,
684,Tutorial Dead Icon,bhilandm,298,135,75,62,72,0,0,1,,0,,,,,,,,,,,,,,,,
685,Tutorial Dead Icon,hig_m,299,135,75,62,72,0,3,1,,3,13,,2,,,,,,,,,,,500,,
686,Tutorial Dead Icon,BHalfOgreM,312,127,60,54,48,0,0,1,,0,,,,,,,,,,,,,,,,
687,Tutorial Dead Icon,hal_m,310,250,60,54,48,0,3,1,,3,25,,1,,,,,,,,,,,1000,,
688,Tutorial Dead Icon,bcommonm,298,135,75,54,48,0,0,1,,0,,,,,,,,,,,,,,,,
689,Tutorial Dead Icon,bri_m,299,160,70,70,70,0,3,1,,3,1,,1,,,,,,,,,,,,,
690,Tutorial Dead Icon,bsaracenm,312,135,75,54,48,0,0,1,,0,,,,,,,,,,,,,,,,
691,Tutorial Dead Icon,sar_m,310,160,70,70,70,0,3,1,,3,3,,1,,,,,,,,,,,,,
692,Tutorial Dead Icon,nvikingm,298,135,75,62,72,0,0,1,,0,,,,,,,,,,,,,,,,
693,Tutorial Dead Icon,nor_m,299,135,75,62,72,0,3,1,,3,15,,1,,,,,,,,,,,,,
694,Tutorial Dead Icon,ntrollm,312,127,60,54,48,0,0,1,,0,,,,,,,,,,,,,,,,
695,Tutorial Dead Icon,tro_m,310,127,60,54,48,0,3,1,,3,31,,2,,,,1,,,,2250,,,,,
696,Tutorial Dead Icon,ndwarfm,298,142,75,54,48,0,0,1,,0,,,,,,,,,,,,,,,,
697,Tutorial Dead Icon,dwa_m,299,142,75,54,48,0,3,1,,3,21,,2,,,,,,,,,,,1000,,
698,Tutorial Dead Icon,NSvartalfM,312,135,75,75,75,0,0,1,,0,,,,,,,,,,,,,,,,
699,Tutorial Dead Icon,fro_m,310,135,75,75,75,0,3,1,,3,5,,1,,,,1,,,,,,,,,
700,Tutorial Dead Icon,hceltm,298,135,75,75,75,0,0,1,,0,,278,,,,,,,,,,,,,,
701,Tutorial Dead Icon,cel_m,299,135,75,75,75,0,3,1,,3,33,284,1,,,,,,,,,,,,,
702,Tutorial Dead Icon,hfirbolgm,312,130,75,75,75,0,0,1,,0,,,,,,,,,,,,,,,,
703,Tutorial Dead Icon,fir_m,310,130,75,75,75,0,3,1,,3,29,,2,,,,1,,,,,,,,,
704,Tutorial Dead Icon,helfm,298,135,75,75,75,0,0,1,,0,,,,,,,,,,,,,,,,
705,Tutorial Dead Icon,elf_m,299,135,75,75,75,0,3,1,,3,11,,1,,,,1,,,,,,,,,
706,Tutorial Dead Icon,HSharM,312,135,75,54,48,0,0,1,,0,,282,,,,,,,,,,,,,,
707,Tutorial Dead Icon,sha_m,310,135,75,54,48,0,3,1,,3,7,288,2,,,,1,,,,,,,,,
708,Tutorial Bat/Bird,bat,300,100,100,100,100,0,1,0,,0,,,,,,,,,,,,,,,,
709,Tutorial Dummy,dummy,0,0,0,0,0,0,3,0,,0,,,,,,,,,,,,,,,,
710,simulacrum_Cabalist,simulacrum_Cabalist,215,140,100,100,100,0,4,0,,0,,,,,,,,,,,,,,,,
711,Puppy,puppy,301,175,50,50,50,0,4,0,,0,,,,,,,,,,,,,,,,
712,Tutorial Dummy,dummy,302,0,0,0,0,0,4,0,,0,,,,,,,,,,,,,,,,
713,Tutorial Dummy,dummy,303,0,0,0,0,0,4,0,,0,,,,,,,,,,,,,,,,
714,Tutorial Dummy,dummy,304,0,0,0,0,0,4,0,,0,,,,,,,,,,,,,,,,
715,Tutorial Dummy,dummy,305,0,0,0,0,0,4,0,,0,,,,,,,,,,,,,,,,
716,Tutorial Dummy,dummy,306,0,0,0,0,0,4,0,,0,,,,,,,,,,,,,,,,
717,Cata Norse Male Smith,nor_m,307,135,75,62,72,0,3,1,,3,15,,1,,,,,,,,,,,,,
719,Cata Norse Lumberjack,nor_m,309,135,75,62,72,0,3,1,,3,15,,1,,,,,,,,,,,,,
720,Cata Briton Male Smith,bri_m,307,160,70,70,70,0,3,1,,3,1,,1,,,,,,,,,,,,,
721,Cata Celt Male Smith,cel_m,307,135,75,75,75,0,3,1,,3,33,284,1,,,,,,,,,,,,,
722,Cata Briton Male Smith,bri_m,309,160,70,70,70,0,3,1,,3,1,,1,,,,,,,,,,,,,
723,Cata Celt Male Smith,cel_m,309,135,75,75,75,0,3,1,,3,33,284,1,,,,,,,,,,,,,
724,Horse Cart Caravan ,Horsecart,311,50,50,100,34,0,1,0,,0,,,,,,,,,,,,,,,,
725,Classic Briton Smith,bcommonm,313,135,75,54,48,0,1,1,,0,,,,,,,,,,,,,,,,
726,Classic Norse Smith,nvikingm,313,135,75,62,72,0,1,1,,0,,,,,,,,,,,,,,,,
727,Classic  Celt Smith,hceltm,313,135,75,75,75,0,1,1,,0,,278,,,,,,,,,,,,,,
728,Classic Briton Lumberjack,bcommonm,314,135,75,54,48,0,1,1,,0,,,,,,,,,,,,,,,,
729,Classic Norse Lumberjack,nvikingm,314,135,75,62,72,0,1,1,,0,,,,,,,,,,,,,,,,
730,Classic  Celt Lumberjack,hceltm,314,135,75,75,75,0,1,1,,0,,278,,,,,,,,,,,,,,
731,Cata Old Man Briton,ava_m,272,178,70,70,70,0,4,1,,3,42,,1,,,,,,,,,,,,,
732,Cata Old Woman Briton,ava_f,273,236,90,90,90,0,4,1,,3,43,,1,,,,,,,,,,,,,
733,Cata Old Man Celt,ava_m,272,160,75,75,75,0,4,1,,3,44,284,1,,,,,,,,,,,,,
734,Cata Old Woman Celt,ava_f,273,160,75,75,75,0,4,1,,3,45,285,1,,,,,,,,,,,,,
735,Cata Old Man Norse,nor_m,272,160,75,62,72,0,4,1,,3,46,,1,,,,,,,,,,,,,
736,Cata Old Woman Norse,nor_f,273,188,75,58,52,0,4,1,,3,47,,1,,,,,,,,,,,,,
737,Nightmare,Horse_Medium,315,200,55,55,80,0,4,1,,3,49,,3,,,,,,,,,,,,,
738,Cata Celt Male Vampiir,cel_m,364,160,75,75,75,0,4,1,,3,33,284,1,,,,,,,,,,,,115,
739,Player Skeleton Vampiir,Albion_skeleton,366,135,75,62,54,0,4,1,,3,57,,5,,,,,,,,,,,,,
745,Chamberlain,Chamberlain,318,100,100,100,100,0,4,0,,0,,,,,,,,,,,,,,,,
746,SoulKeeper,SoulKeeper,65,52,52,52,52,0,4,0,,0,,,,,,,,,,,,,,,,
747,Unicorn,Horse_Medium,315,200,55,55,80,0,4,1,,3,52,,3,,,,,,,,,,,,,
748,DR_demonseal,DR_demonseal,0,0,0,0,0,0,1,0,,,,,,,,,,,,,,,,,,
750,inq,inq,319,200,100,100,100,0,4,0,,0,,,,,,,,,,,,,,,,
751,Hawsie,Horse_Medium,315,200,55,55,80,0,4,1,,3,48,,3,,,,,,,,,,,,,
752,DR Demon,DR_Demon,320,100,100,100,100,0,4,0,,0,,,,,,,,,,,,,,,,
755,Clydesdale,Horse_Medium,315,200,55,55,80,0,4,1,,3,50,,3,,,,,,,,,,,,,
756,Undead,Horse_Medium,315,200,55,55,80,0,4,1,,3,51,,3,,,,,,,,,,,,,
757,DR_Abomination,DR_Abomination,233,178,70,70,70,0,4,0,,0,,,,,,,,,,,,,,,,
758,DR_Hulker,DR_Hulker,71,150,38,38,38,0,4,0,,0,,,,,,,,,,,,,,,,
759,DR_Hulker_demon,DR_Hulker_demon,71,150,38,38,38,0,4,0,,0,,,,,,,,,,,,,,,,
760,DR_imp_red,DR_imp_red,325,150,38,38,38,0,4,0,,0,,,,,,,,,,,,,,,,
761,DR_imp_gold,DR_imp_gold,325,150,38,38,38,0,4,0,,0,,,,,,,,,,,,,,,,
762,DR_Dpixie,DR_Dpixie,322,250,100,100,100,0,4,0,,0,,,,,,,,,,,,,,,,
763,Alt DR_Dpixie,DR_Dpixie,323,250,100,100,100,0,4,0,,0,,,,,,,,,,,,,,,,
764,Alt DR Demon,DR_Demon,321,100,100,100,100,0,4,0,,0,,,,,,,,,,,,,,,,
766,DR_rat,DR_rat,326,125,45,45,45,0,4,0,,0,,,,,,,,,,,,,,,,
767,Alt Imp Fly,DR_imp_gold,327,150,38,38,38,0,4,0,,0,,,,,,,,,,,,,,,,
768,Alt Imp Perch,DR_imp_gold,328,150,38,38,38,0,4,0,,0,,,,,,,,,,,,,,,,
769,Alt Red Imp Fly,DR_imp_red,327,150,38,38,38,0,4,0,,0,,,,,,,,,,,,,,,,
770,DR_LEGLESSZ,DR_LEGLESSZ,329,150,135,55,45,75,4,0,,0,,,,,,,,,,,,,,,,
771,Praying Briton Male,bri_m,330,178,70,70,70,0,4,1,,3,1,,1,,,,,,,,,,,,,
772,Praying Briton Female,bri_f,331,236,90,90,90,0,4,1,,3,2,,1,,,,,,,,,,,,,
773,Epic,Horse_Medium,315,200,55,55,55,0,4,1,,3,53,,3,,,,,,,,,,,,,
774,Cata Briton Female,bri_f,273,236,90,90,90,0,4,1,,3,2,,1,,,,,,,,,,,,,
775,DR_A_Rebel01,DR_A_Rebel01,233,178,70,70,70,0,4,0,,0,,,,,,,,,,,,,,,,
776,DR_A_Rebel02,DR_A_Rebel02,233,178,70,70,70,0,5,0,,0,,,,,,,,,,,,,,,,
777,DR_A_Rebel03,DR_A_Rebel03,233,178,70,70,70,0,5,0,,0,,,,,,,,,,,,,,,,
778,DR_A_Rebel04,DR_A_Rebel04,233,178,70,70,70,0,5,0,,0,,,,,,,,,,,,,,,,
779,DR_Xaphan,DR_Xaphan,332,178,70,70,70,0,5,0,,0,,,,,,,,,,,,,,,,
780,DR_Asteroth,DR_Asteroth,333,178,70,70,70,0,5,0,,0,,,,,,,,,,,,,,,,
781,Albion King,AlbK_M,338,160,75,62,72,0,5,1,,3,54,,4,,,,,,,,,,,,,
782,Midgard King,KingV_M,337,170,75,54,48,0,5,1,,3,55,,4,,,,,, , , ,,,,,
783,Admorenth,admorenth,335,135,75,75,75,0,5,0,,0,,, ,,,,,, , , ,,,,,
784,New Classic Horse,Classic_Body01_Mount_Horse,334,200,55,55,80,0,0,0,71,0,,,,,,,,,,,,,,,,
785,Hibernian King,HibK_M,339,178,70,70,70,0,5,1,,3,56,,4,,,,,,,,,,,,,
786,Darkness Rising 3 head Boss,DR_3head,66,106,49,106,106,0,4,0,,0,,,,,,,,,,,,,,,,
787,Moloch,DR_MOLOCH,336,178,70,70,70,0,5,0, ,0,,,,,,,,,,,,,,,,
788,DR_wraith,DR_wraith,70,110,45,45,45,0,4,0,,0,,,,,,,,,,,,,,,,
789,DR_Svartalf,DR_Svartalf,346,178,70,70,70,0,4,0,,0, ,, ,,,,,,,,,,,,,
790,DR_Belial,DR_Belial,340,178,70,70,70,0,5,0, ,0,,,,,,,,,,,,,,,,
791,DR_Wight,DR_Wight,346,230,110,110,110,0,4,0,,0,,,,,,,,,,,,,,,,
792,DR_A_Peasant01,DR_A_Peasant01,233,178,70,70,70,0,5,0,,0,,,,,,,,,,,,,,,,
793,DR_M_Rebel01_longhair,DR_M_Rebel01_longhair,233,178,70,70,70,0,5,0,,0,,,,,,,,,,,,,,,,
794,DR_M_Rebel02_hooded,DR_M_Rebel02_hooded,233,178,70,70,70,0,5,0,,0,,,,,,,,,,,,,,,,
795,DR_M_Rebel03_masked,DR_M_Rebel03_masked,233,178,70,70,70,0,5,0,,0,,,,,,,,,,,,,,,,
796,DR_M_Rebel04_Helmet,DR_M_Rebel04_Helmet,233,178,70,70,70,0,5,0,,0,,,,,,,,,,,,,,,,
797,DR_H_Rebel03_Sarg,DR_H_Rebel03_Sarg,352,178,70,70,70,0,5,0,,0,,,,,,,,,,,,,,,,
798,DR_H_Rebel04_Captain,DR_H_Rebel04_Captain,352,178,70,70,70,0,5,0,,0,,,,,,,,,,,,,,,,
799,DR_H_Rebel05_peasant,DR_H_Rebel05_peasant,352,178,70,70,70,0,5,0,,0,,,,,,,,,,,,,,,,
800,DR_H_Rebel01_Commoner,DR_H_Rebel01_Commoner,352,178,70,70,70,0,5,0,,0,,,,,,,,,,,,,,,,
801,DR_H_Rebel02_Private,DR_H_Rebel02_Private,352,178,70,70,70,0,5,0,,0,,,,,,,,,,,,,,,,
802,DR_Locust,DR_Locust,72,30,42,42,42,0,4,0,,0,,,,,,,,,,,,,,,,
803,DR_succubus,DR_succubus,341,225,75,75,75,0,4,0,,0,,,,,,,,,,,,,,,,
804,Copy of Wolf - Sitting,Cata_wolf,342,135,25,35,52,0,4,0,,0,,,,,,,,,,,,,,,,
805,Albion King Sitting,AlbK_M,343,160,75,62,72,0,5,1,,3,54,,4,,,,,,,,,,,,,
806,Hibernian King Sitting,HibK_M,344,178,70,70,70,0,5,1,,3,56,,4,,,,,,,,,,,,,
807,DR_GiantMite,DR_GiantMite,55,255,80,100,100,0,4,0,,0,,,,,,,,,,,,,,,,
808,DR_XaphanSoldier,DR_XaphanSoldier,346,100,100,100,100,0,5,0,0,0, ,,,,,,,,,,,,,,,
809,Copy of Wolf - Lying,Cata_wolf,345,135,25,35,52,0,4,0,,0,,,,,,,,,,,,,,,,
810,DR_hag,DR_hag,67,160,68,68,68,0,4,0,,0,,,,,,,,,,,,,,,,
811,DR_Lamia,DR_Lamia,112,180,130,100,100,0,4,0,,0,,,,,,,,,,,,,,,,
812,DR_bosshulker,DR_bosshulker,71,150,38,38,38,0,4,0,,0,,,,,,,,,,,,,,,,
813,Utgard,Utgard,347,178,70,70,70,0,5,,,,,,,,,,,,,,,,,,,
814,DR_Worm,DR_Worm,21,175,90,90,90,0,4,0,,0,,,,,,,,,,,,,,,,
815,DR_Belialschildren,DR_Belialschildren,55,255,80,100,100,0,5,0, ,0,,,,,,,,,,,,,,,,
816,DR_landcreature,DR_landcreature,55,255,80,100,100,0,4,0,,0,,,,,,,,,,,,,,,,
817,DR_Svartalf_Female,DR_Svartalf_Female,67,160,68,68,68,0,4,0,,0,,,,,,,,,,,,,,,,
818,DR_Azazel,DR_Azazel,348,178,70,70,70,0,5,0,,0,,,,,,,,,,,,,,,,
819,DR_NecroServant,DR_NecroServant,349,178,70,70,70,0,4,0,,0,,,,,,,,,,,,,,,,
820,DR_GreaterNecro,DR_GreaterNecro,350,178,70,70,75,0,4,0,,0,,,,,,,,,,,,,,,,
821,Scorpion Two(used for DR fiery scorp),Scorp2,195,100,52,100,100,0,2,0,,0,,,,,,,,,,,,,,,,
822,DR_ReanimatedServant,DR_ReanimatedServant,351,255,130,70,70,0,4,0,,0,,,,,,,,,,,,,,,,
823,DR_ZombiePet,DR_ZombiePet,351,255,130,70,70,0,4,0,,0,,,,,,,,,,,,,,,,
824,MidBody01HeadA,MidBody01HeadA,233,178,70,70,70,0,5,0,,0,,,,,,,,,,,,,,,,
825,MidBody01HeadB,MidBody01HeadB,233,178,70,70,70,0,5,0,,0,,,,,,,,,,,,,,,,
826,MidBody02HeadA,MidBody02HeadA,233,178,70,70,70,0,5,0,,0,,,,,,,,,,,,,,,,
827,MidBody02HeadB,MidBody02HeadB,233,178,70,70,70,0,5,0,,0,,,,,,,,,,,,,,,,
828,MidBody03HeadA,MidBody03HeadA,233,178,70,70,70,0,5,0,,0,,,,,,,,,,,,,,,,
829,MidBody03HeadB,MidBody03HeadB,233,178,70,70,70,0,5,0,,0,,,,,,,,,,,,,,,,
830,MidBody04HeadA,MidBody04HeadA,233,178,70,70,70,0,5,0,,0,,,,,,,,,,,,,,,,
831,MidBody04HeadB,MidBody04HeadB,233,178,70,70,70,0,5,0,,0,,,,,,,,,,,,,,,,
832,AlbBody01HeadA,AlbBody01HeadA,233,178,70,70,70,0,5,0,,0,,,,,,,,,,,,,,,,
833,AlbBody01HeadB,AlbBody01HeadB,233,178,70,70,70,0,5,0,,0,,,,,,,,,,,,,,,,
834,AlbBody02HeadA,AlbBody02HeadA,233,178,70,70,70,0,5,0,,0,,,,,,,,,,,,,,,,
835,AlbBody02HeadB,AlbBody02HeadB,233,178,70,70,70,0,5,0,,0,,,,,,,,,,,,,,,,
836,AlbBody03HeadA,AlbBody03HeadA,233,178,70,70,70,0,5,0,,0,,,,,,,,,,,,,,,,
837,AlbBody03HeadB,AlbBody03HeadB,233,178,70,70,70,0,5,0,,0,,,,,,,,,,,,,,,,
838,AlbBody04HeadA,AlbBody04HeadA,233,178,70,70,70,0,5,0,,0,,,,,,,,,,,,,,,,
839,AlbBody04HeadB,AlbBody04HeadB,233,178,70,70,70,0,5,0,,0,,,,,,,,,,,,,,,,
840,HibBody01HeadA,HibBody01HeadA,233,178,70,70,70,0,5,0,,0,,,,,,,,,,,,,,,,
841,HibBody01HeadB,HibBody01HeadB,233,178,70,70,70,0,5,0,,0,,,,,,,,,,,,,,,,
842,HibBody02HeadA,HibBody02HeadA,233,178,70,70,70,0,5,0,,0,,,,,,,,,,,,,,,,
843,HibBody02HeadB,HibBody02HeadB,233,178,70,70,70,0,5,0,,0,,,,,,,,,,,,,,,,
844,HibBody03HeadA,HibBody03HeadA,233,178,70,70,70,0,5,0,,0,,,,,,,,,,,,,,,,
845,HibBody03HeadB,HibBody03HeadB,233,178,70,70,70,0,5,0,,0,,,,,,,,,,,,,,,,
846,HibBody04HeadA,HibBody04HeadA,233,178,70,70,70,0,5,0,,0,,,,,,,,,,,,,,,,
847,HibBody04HeadB,HibBody04HeadB,233,178,70,70,70,0,5,0,,0,,,,,,,,,,,,,,,,
848,DR_KingViking_Fallback,DR_KingViking_Fallback,337,170,75,54,48,0,5,0,,0,,,,,,,,,,,,,,,,
849,DR_KingLug_Fallback,DR_KingLug_Fallback,339,178,70,70,70,0,5,0,,0,,,,,,,,,,,,,,,,
850,KingConstantine_Rollback,KingConstantine_Rollback,338,160,75,62,72,0,5,0,,0,,,,,,,,,,,,,,,,
851,Female Inferanlist,DR_A_Infernalist02,234,236,90,90,90,0,4,0,,0,,,,,,,,,,,,,,,,
852,Praying Female Infernalist,DR_A_Infernalist02,331,236,90,90,90,0,4,0,,0,,,,,,,,,,,,,,,,
853,Praying Male Infernalist,DR_A_Rebel01,330,178,70,70,70,0,4,0,,0,,,,,,,,,,,,,,,,
854,Player Skeleton,Albion_skeleton,356,135,75,62,54,0,4,1,,3,57,,5,,,,,,,,,,,,,
855,DR_AdmorenthMinion,DR_AdmorenthMinion,274,178,70,70,70,0,5,0,,0,,,,,,,,,,,,,,,,
856,Player Rez Skeleton,Albion_skeleton,241,135,75,62,54,0,4,1,,3,58,,5,,,,,,,,,,,,,
857,Rebel Used For Male Infernalist,DR_A_Rebel01,233,178,70,70,70,0,4,0,,0,,,,,,,,,,,,,,,,
858,Troll Beating Coconuts,TrollCoco,353,190,60,54,48,0,1,0,,0,0,, ,,,,,,,, ,,,, ,
859,FirbolgCoco,FirbolgCoco,354,190,75,75,75,0,1,0,,0,0,,,,,,,,,,,,,,,
860,HalfOgreCoco,HalfOgreCoco,355,190,60,54,48,0,1,0,,0,0,,,,,,,,,,,,,,,
861,Pink Unicorn,Horse_Medium,315,200,55,55,80,0,4,1,,3,59,,3,,,,,,,,,,,,,
862,Cata Elf Male,elf_m,243,160,75,75,75,0,4,1,,3,60,,1,,,,1,,,,,,,,115,
863,Albion Player Minotaur,mino,382,120,90,54,48,0,4,1,,3,61,,6, , , , , , , , , , , ,135,
864,Revamped Lizard,Cat_Lizard,358,200,96,75,75,0,4,0,,0,,,,,,,,,,,,,,,,
865,Revamped Worm,Cat_Worm,359,175,90,90,90,0,4,0,,0,,,,,,,,,,,,,,,,
866,Revamped Goblin,Cat_Goblin,360,160,75,100,100,0,4,0,,0,,,,,,,,,,,,,,,,
867,Midgard Player Minotaur,mino,383,120,90,54,48,0,4,1,,3,62,,6,,,,,,,, ,,,,135,
868,Hibernian Player Minotaur,mino,357,120,90,54,48,0,4,1,,3,63,,6,,,,,,,,,,,,135,
869,Winged Demon Wolf,Lab_DemonWolf,361,100,50,50,50,0,6,0,,0,,,,,,,,,,,,,,,,
870,Flying Winged Demon Wolf,Lab_DemonWolf,362,100,50,50,50,0,6,0,,0,,,,,,,,,,,,,,,,
871,Construct,Construct,363,165,50,100,100,0,6,0,,0,,,,,,,,,,,,,,,,
872,ConstructSpider,ConstructSpider,365,165,50,100,100,0,6,0,,0,,,,,,,,,,,,,,,,
873,Undead_Drakoran,Undead_Drakoran,367,165,65,65,100,0,4,0,,0,,,,,,,,,,,,,,,,
874,7 Legged Spider,7Legspider,201,175,75,75,75,0,4,0,,0,,,,,,,,,,,,,,,,
875,Corrupt Minotaur 1,mino,357,120,90,54,48,0,6,1,,3,172,,6,,,,,,,, ,,,,135,
876,Corrupt Minotaur 2,mino,357,120,90,54,48,0,6,1,,3,173,,6,,,,,,,, ,,,,135,
877,Corrupt Minotaur 3,mino,357,120,90,54,48,0,6,1,,3,174,,6,,,,,,,, ,,,,135,
878,Dopple Ganger Minotaur,DopplegangerMino,368,100,100,100,100,0,6,0,,0,,,,,,,,,,,,,,,,
879,Dopple Ganger Demon,DopplegangerDemon,369,100,100,100,100,0,6,0,,0,,,,,,,,,,,,,,,,
880,Skeleton Minotaur,mino,357,120,90,54,48,0,6,1,,3,175,,6,,,,,,,, ,,,,135,
881,Cerberus,Cerberus,370,100,35,35,35,0,6,0,,0,,,,,,,,,,,,,,,,
882,Minotaur Construct,Mino_Construct,371,165,50,100,100,0,6,0,,0,,,,,,,,,,,,,,,,
883,Dead Minotaur Albion,mino,372,135,75,62,72,0,1,1,,3,61,,6,,,,,,,,,,,,,
884,Dead Minotaur Midgard,mino,372,135,75,62,72,0,1,1,,3,62,,6,,,,,,,,,,,,,
885,Dead Minotaur Hibernia,mino,372,135,75,62,72,0,1,1,,3,63,,6,,,,,,,,,,,,,
886,Clockwork Cat,Clockwork_Cat,373,300,90,75,75,0,1,0,,0,,,,,,,,,,,,,,,,
887,Dead Corrupt Minotaur 1,mino,372,120,90,54,48,0,6,1,,3,172,,6,,,,,,,, ,,,,135,
888,Dead Corrupt Minotaur 2,mino,372,120,90,54,48,0,6,1,,3,173,,6,,,,,,,, ,,,,135,
889,Dead Corrupt Minotaur 3,mino,372,120,90,54,48,0,6,1,,3,174,,6,,,,,,,, ,,,,135,
890,Classic Albion Minotaur,BMinotaurM,200,120,90,54,48,0,1,0,,0,,,,,,,,,,,,,,,135,
891,Classic Midgard Minotaur,MMinotaurM,200,120,90,54,48,0,1,0,,0,,,,,,,,,,,,,,,135,
892,Classic Hibernian Minotaur,HMinotaurM,200,120,90,54,48,0,1,0,,0,,,,,,,,,,,,,,,135,
893,Minotaur Metal Golem,golem,374,70,100,100,100,,6,0,,0,,,,,,,,,,,,,,,,
894,Labyrinth Teleporter,LabTeleportation_device,0,0,0,0,0, ,6,0,,0,,,,,,,,,,,,,,,,
895,Agramon,Agramon,375,178,70,70,70,,6,0,,0,,,,,,,,,,,,,,,,
896,Dead Undead Minotaur,mino,372,120,90,54,48,0,6,1,,3,175,,6,,,,,,,, ,,,,135,
897,Dead Player Skeleton,Albion_skeleton,299,135,75,62,54,0,4,1,,3,57,,5,,,,,,,,,,,,,
898,Dead Classic Player Skeleton,skel02,298,180,60,75,75,0,0,0,,0,,,,,,,,,,,,,,,,
899,Cata Rock Creature for Crystal Guy,cat_rock_creature,277,100,40,60,60,0,3,0,,0,,,,,,,,,,,,,,,,
900,Goblin Chief,GoblinChief,376,160,75,100,100,0,6,0,,0,,,,,,,,,,,,,,,,
901,Minotaur Stone Golem,Golem_Stone,377,70,100,100,100,,6,0,,0,,,,,,,,,,,,,,,,
902,Classic Corrupt Mino 1,Clas_CorruptMino1,357,120,90,54,48,0,6,0,,0,,,,,,,,,,,,,,,,
903,Classic Corrupt Mino 2,Clas_CorruptMino2,357,120,90,54,48,0,6,0,,0,,,,,,,,,,,,,,,,
904,Classic Corrupt Mino 3,Clas_CorruptMino3,357,120,90,54,48,0,6,0,,0,,,,,,,,,,,,,,,,
905,Dead Classic Corrupt Mino 1,Clas_CorruptMino1,378,120,90,54,48,0,6,0,,0,,,,,,,,,,,,,,,,
906,Dead Classic Corrupt Mino 2,Clas_CorruptMino2,378,120,90,54,48,0,6,0,,0,,,,,,,,,,,,,,,,
907,Dead Classic Corrupt Mino 3,Clas_CorruptMino3,378,120,90,54,48,0,6,0,,0,,,,,,,,,,,,,,,,
908,Classic Undead Mino,Clas_SkeleMino,357,120,90,54,48,0,6,0,,0,,,,,,,,,,,,,,,,
909,Classic Undead Dead Mino,Clas_SkeleMino,378,120,90,54,48,0,6,0,,0,,,,,,,,,,,,,,,,
910,Dead Classic Albion Minotaur,BMinotaurM,378,120,90,54,48,0,1,0,,0,,,,,,,,,,,,,,,135,
911,Dead Classic Midgard Minotaur,MMinotaurM,378,120,90,54,48,0,1,0,,0,,,,,,,,,,,,,,,135,
912,Dead Classic Hibernian Minotaur,HMinotaurM,378,120,90,54,48,0,1,0,,0,,,,,,,,,,,,,,,135,
913,Flying Undead Drakoran,Undead_Drakoran,379,165,65,65,100,0,6,0,,0,,,,,,,,,,,,,,,,
914,Dracolich,Dracolich,380,250,100,100,100,0,6,0,,0,,,,,,,,,,,,,,,,
915,Dracolich Sleeping,Dracolich,381,250,100,100,100,0,6,0,,0,,,,,,,,,,,,,,,,
916,Ambient Red Snake,Ambsnake_red,385,200,75,75,75,0,4,0,,0,,,,,,,,,,,,,,,,
917,Ambient Gray Snake,Ambsnake_gray,385,200,75,75,75,0,4,0,,0,,,,,,,,,,,,,,,,
918,Ambient Brown Snake,Ambsnake_brown,385,200,75,75,75,0,4,0,,0,,,,,,,,,,,,,,,,
919,Ambient Green Snake,Ambsnake_green,385,200,75,75,75,0,4,0,,0,,,,,,,,,,,,,,,,
920,Ambient Gray Slug,Ambslug_gray,389,200,75,75,75,0,4,0,,0,,,,,,,,,,,,,,,,
921,Ambient Green Slug,Ambslug_green,389,200,75,75,75,0,4,0,,0,,,,,,,,,,,,,,,,
922,Ambient Brown Roach,Ambroach_brown,386,200,75,75,75,0,4,0,,0,,,,,,,,,,,,,,,,
923,Ambient Gray Rat,Ambrat_gray,388,200,75,75,75,0,4,0,,0,,,,,,,,,,,,,,,,
924,Ambient White Rat,Ambrat_white,388,200,75,75,75,0,4,0,,0,,,,,,,,,,,,,,,,
925,Ambient Black Rat,Ambrat_black,388,200,75,75,75,0,4,0,,0,,,,,,,,,,,,,,,,
926,Ambient Brown Rat,Ambrat_brown,388,200,75,75,75,0,4,0,,0,,,,,,,,,,,,,,,,
927,Ambient Brown Cricket,Ambcricket_brown,387,200,75,75,75,0,4,0,,0,,,,,,,,,,,,,,,,
928,Ambient Green Cricket,Ambcricket_green,387,200,75,75,75,0,4,0,,0,,,,,,,,,,,,,,,,
929,Ambient Black Spider,Ambspider_black,384,200,75,75,75,0,4,0,,0,,,,,,,,,,,,,,,,
930,Ambient White Spider,Ambspider_white,384,200,75,75,75,0,4,0,,0,,,,,,,,,,,,,,,,
931,Alb Dragon (Always Flying),cat_StoneDragon,390,250,50,50,50,0,1,0,,0,,,,,,,,,,,,,,,,
932,Mid Dragon (Always Flying),cat_wlfdragon01,390,250,50,50,50,0,1,0,,0,,,,,,,,,,,,,,,,
933,Hib Dragon (Always Flying),cat_GlimmerDragon,390,250,50,50,50,0,1,0,,0,,,,,,,,,,,,,,,,
934,Stone Dragon (Albion),cat_StoneDragon,391,250,50,50,50,403,1,0,,0,,,,,,,,,,,,,,,,
935,Wolf Dragon (Mid),cat_wlfdragon01,391,250,100,100,100,403,1,0,,0,,,,,,,,,,,,,,,,
936,Valentines Day Imp,Val_Imp,228,150,38,38,38,0,4,0,,0,,,,,,,,,,,,,,,,
937,Glimmer Dragon (Hib),cat_GlimmerDragon,391,250,100,100,100,403,1,0,,0,,,,,,,,,,,,,,,,
938,Brown Werewolf Revamp,Werewolf,392,150,46,46,46,399,4,1,0,3,185,,6,,,,,,,,,,,,,
939,Drakulv Werewolf Revamp,Werewolf,392,150,46,46,46,399,4,1,0,3,186,,6,,,,,,,,,,,,,
940,Stone Giant Revamp,Cat_StoneGiant,393,100,23,23,23,398,1,0,0,0,,,,,,,,,,,,,,,,1
941,Baby Winged Stone Dragon,cat_babystonedragon_fledgling,400,150,46,46,46,396,0,0,0,0,,,,,,,,,,,,,,,,
942,Baby Wingless Stone Dragon,cat_babystonedragon_immature,394,150,46,46,64,396,0,0,0,0,,,,,,,,,,,,,,,,
943,Revamp Glimmer Knight,Cat_GlimmerKnight,395,225,45,45,45,397,1,0,0,0,,,,,,,,,,,,,,,,
944,Baby Wingless Glimmer Dragon,cat_babyglimmerdragon_immature,394,150,46,46,46,396,0,0,0,0,,,,,,,,,,,,,,,,
945,Baby Winged Glimmer Dragon,cat_babyglimmerdragon_fledgling,400,150,46,46,46,396,0,0,0,0,,,,,,,,,,,,,,,,
946,Baby Wingless Wolf Dragon,cat_babywolfdragon_immature,394,150,46,46,46,396,0,0,0,0,,,,,,,,,,,,,,,,
947,Baby Winged Wolf Dragon,cat_babywolfdragon_fledgling,400,150,46,46,46,396,0,0,0,0,,,,,,,,,,,,,,,,
948,Dragonsworn Spy,bri_m,233,178,70,70,70,0,4,1,,3,187,,1,,,,,,,,,,,,100,
949,Revamped Wolf Lizard,cat_WolfLizard,401,140,25,35,52,0,4,0,,0,,,,,,,,,,,,,,,,
950,White Werewolf Revamp,Werewolf,392,150,46,46,46,399,4,1,0,3,188,,6,,,,,,,,,,,,,
951,Revamp Glimmer Caster,cat_glimmercaster,402,225,45,45,45,0,1,0,0,0,,,,,,,,,,,,,,,,
952,Revamped Glimmer Ghoul,cat_glimmer_ghoul,404,185,40,40,40,0,1,0,,0,,,,,,,,,,,,,,,,
953,Alb Dragon (Soar/Flap),cat_StoneDragon,405,250,50,50,50,406,1,0,,0,,,,,,,,,,,,,,,,
954,Mid Dragon (Soar/Flap),cat_wlfdragon01,405,250,50,50,50,406,1,0,,0,,,,,,,,,,,,,,,,
955,Hib Dragon (Soar/Flap),cat_GlimmerDragon,405,250,50,50,50,406,1,0,,0,,,,,,,,,,,,,,,,
956,Rock Critter,cat_rock_critter,407,150,40,40,40,0,1,0,,0,,,,,,,,,,,,,,,,
957,Pet Baby Wingless Glimmer Dragon,cat_babyglimmerdragon_immature,408,100,20,20,20,0,0,0,0,0,,,,,,,,,,,,,,,,
958,Pet Baby Wingless Wolf Dragon,cat_babywolfdragon_immature,408,100,20,20,20,0,0,0,0,0,,,,,,,,,,,,,,,,
959,Pet Baby Wingless Stone Dragon,cat_babystonedragon_immature,408,100,20,20,20,0,0,0,0,0,,,,,,,,,,,,,,,,
960,Dead Cata Elf Shade Male Down/Up,elf_m,299,160,75,75,75,310,4,1,,3,143,,1,,,,1,,,,,,,,115,
961,Siege Tower,siegetower,0,0,0,0,0,0,0,0,,0,,,,,,,,,,,,,,,,
962,Black Cat,amb_blackcat,409,192,90,90,90,0,0,0,0,0,,,,,,,,,,,,,,,,
963,Krumpi,Krumpi,174,135,75,75,75,0,0,1,,0,,,,,,,,,,,,,,,,
964,Winterlord_A,Winterlord_A,174,135,75,75,75,0,0,1,,0,,,,,,,,,,,,,,,,
965,Winter_JackFrost,Winter_JackFrost,174,135,75,75,75,0,0,1,,0,,,,,,,,,,,,,,,,
966,Winterlord_B,Winterlord_B,174,135,75,75,75,0,0,1,,0,,,,,,,,,,,,,,,,
967,amb_rabbit,amb_rabbit,410,0,0,0,0,0,0,0,0,0,,,,,,,,,,,,,,,,
968,amb_bird,amb_bird,411,0,0,0,0,0,0,0,0,0,,,,,,,,,,,,,,,,
969,harbinger_of_spring,harbinger_of_spring,412,0,0,0,0,0,0,0,0,0,,,,,,,,,,,,,,,,
970,amb_bat,amb_bat,413,0,0,0,0,0,0,0,0,0,,,,,,,,,,,,,,,,
971,amb_sqrl,amb_sqrl,414,125,45,45,45,0,0,0,0,0,,,,,,,,,,,,,,,,
972,Event Demon Model,DR_Demon,417,100,100,100,100,0,4,0,,0,,,,,,,,,,,,,,,,
973,boobriebird blue,Terrorbird,120,130,125,100,100,0,1,0,,0,,,,,,,,,,,,,,,,
974,Pict Female 1,hig_f,246,188,75,58,52,229,4,1,,3,189,,1,,,,,,,,,,,,109,
975,Pict Female 2,hig_f,246,188,75,58,52,229,4,1,,3,190,,1,,,,,,,,,,,,109,
976,Pict Female 3,hig_f,246,188,75,58,52,229,4,1,,3,191,,1,,,,,,,,,,,,109,
977,Snow Pict Female 3,hig_f,246,188,75,58,52,229,4,1,,3,192,,1,,,,,,,,,,,,109,
978,Snow Pict Female 3,hig_f,246,188,75,58,52,229,4,1,,3,193,,1,,,,,,,,,,,,109,
979,Snow Pict Female 3,hig_f,246,188,75,58,52,229,4,1,,3,194,,1,,,,,,,,,,,,109,
980,Pict Male 1,hig_m,245,160,75,62,72,0,4,1,,3,195,,2,,,,,,,,,,,500,120,
981,Pict Male 2,hig_m,245,160,75,62,72,0,4,1,,3,196,,2,,,,,,,,,,,500,120,
982,Pict Male 3,hig_m,245,160,75,62,72,0,4,1,,3,197,,2,,,,,,,,,,,500,120,
983,Snow Pict Male 2,hig_m,245,160,75,62,72,0,4,1,,3,198,,2,,,,,,,,,,,500,120,
984,Snow Pict Male 2,hig_m,245,160,75,62,72,0,4,1,,3,199,,2,,,,,,,,,,,500,120,
985,Snow Pict Male 3,hig_m,245,160,75,62,72,0,4,1,,3,200,,2,,,,,,,,,,,500,120,
,,,,,,,,,,,,,,,,,,,,,,,,,,,,
,,,,,,,,,,,,,,,,,,,,,,,,,,,,
,,,,,,,,,,,,,,,,,,,,,,,,,,,,
,,,,,,,,,,,,,,,,,,,,,,,,,,,,
,,,,,,,,,,,,,,,,,,,,,,,,,,,,
,,,,,,,,,,,,,,,,,,,,,,,,,,,,
1000,MAX MONNIFS,,,,,,,,,,,,,,,,,,,,,,,,,,,
,,,,,,,,,,,,,,,,,,,,,,,,,,,,
,,,,,,,,,,,,,,,,,,,,,,,,,,,,
,,,,,,,,,,,,,,,,,,,,,,,,,,,,
,,,,,,,,,,,,,,,,,,,,,,,,,,,,
,,,,,,,,,,,,,,,,,,,,,,,,,,,,
