Blank,Row,Do,Not,Add ,Anything,,,,,,,,,,,,,,,,,,,,,
bfarmhouse_normal.nif,bfarmhouse_normal.nif,bfarmhouse_normal.nif,bfarmhouse_normal.nif,bfarmhouse_normal.nif,bfarmhouse_normal.nif,bfarmhouse_normal.nif,bfarmhouse_normal.nif,bfarmhouse_normal.nif,bfarmhouse_burned.nif,bfarmhouse_burned.nif,bfarmhouse_burned.nif,bfarmhouse_burned.nif,bfarmhouse_burned.nif,bfarmhouse_burned.nif,bfarmhouse_burned.nif,bfarmhouse_burned.nif,bfarmhouse_burned.nif,bfarmhouse_reconstructed.nif,bfarmhouse_reconstructed.nif,bfarmhouse_reconstructed.nif,bfarmhouse_reconstructed.nif,bfarmhouse_reconstructed.nif,bfarmhouse_reconstructed.nif,bfarmhouse_reconstructed.nif,bfarmhouse_reconstructed.nif,bfarmhouse_reconstructed.nif
bhouse2_normal.nif,bhouse2_normal.nif,bhouse2_normal.nif,bhouse2_normal.nif,bhouse2_normal.nif,bhouse2_normal.nif,bhouse2_normal.nif,bhouse2_normal.nif,bhouse2_normal.nif,bhouse2_burned.nif,bhouse2_burned.nif,bhouse2_burned.nif,bhouse2_burned.nif,bhouse2_burned.nif,bhouse2_burned.nif,bhouse2_burned.nif,bhouse2_burned.nif,bhouse2_burned.nif,bhouse2_reconstructed.nif,bhouse2_reconstructed.nif,bhouse2_reconstructed.nif,bhouse2_reconstructed.nif,bhouse2_reconstructed.nif,bhouse2_reconstructed.nif,bhouse2_reconstructed.nif,bhouse2_reconstructed.nif,bhouse2_reconstructed.nif
brit_shop_normal.nif,brit_shop_normal.nif,brit_shop_normal.nif,brit_shop_normal.nif,brit_shop_normal.nif,brit_shop_normal.nif,brit_shop_normal.nif,brit_shop_normal.nif,brit_shop_normal.nif,brit_shop_burned.nif,brit_shop_burned.nif,brit_shop_burned.nif,brit_shop_burned.nif,brit_shop_burned.nif,brit_shop_burned.nif,brit_shop_burned.nif,brit_shop_burned.nif,brit_shop_burned.nif,brit_shop_reconstructed.nif,brit_shop_reconstructed.nif,brit_shop_reconstructed.nif,brit_shop_reconstructed.nif,brit_shop_reconstructed.nif,brit_shop_reconstructed.nif,brit_shop_reconstructed.nif,brit_shop_reconstructed.nif,brit_shop_reconstructed.nif
Btavern_normal.nif,Btavern_normal.nif,Btavern_normal.nif,Btavern_normal.nif,Btavern_normal.nif,Btavern_normal.nif,Btavern_normal.nif,Btavern_normal.nif,Btavern_normal.nif,Btavern_burned.nif,Btavern_burned.nif,Btavern_burned.nif,Btavern_burned.nif,Btavern_burned.nif,Btavern_burned.nif,Btavern_burned.nif,Btavern_burned.nif,Btavern_burned.nif,Btavern_reconstructed.nif,Btavern_reconstructed.nif,Btavern_reconstructed.nif,Btavern_reconstructed.nif,Btavern_reconstructed.nif,Btavern_reconstructed.nif,Btavern_reconstructed.nif,Btavern_reconstructed.nif,Btavern_reconstructed.nif
B-bindst1_normal.nif,B-bindst1_normal.nif,B-bindst1_normal.nif,B-bindst1_normal.nif,B-bindst1_normal.nif,B-bindst1_normal.nif,B-bindst1_normal.nif,B-bindst1_normal.nif,B-bindst1_normal.nif,B-bindst1_burned.nif,B-bindst1_burned.nif,B-bindst1_burned.nif,B-bindst1_burned.nif,B-bindst1_burned.nif,B-bindst1_burned.nif,B-bindst1_burned.nif,B-bindst1_burned.nif,B-bindst1_burned.nif,B-bindst1_reconstructed.nif,B-bindst1_reconstructed.nif,B-bindst1_reconstructed.nif,B-bindst1_reconstructed.nif,B-bindst1_reconstructed.nif,B-bindst1_reconstructed.nif,B-bindst1_reconstructed.nif,B-bindst1_reconstructed.nif,B-bindst1_reconstructed.nif
lnghse2_normal.nif,lnghse2_normal.nif,lnghse2_normal.nif,lnghse2_frozen.nif,lnghse2_frozen.nif,lnghse2_frozen.nif,lnghse2_frozen.nif,lnghse2_frozen.nif,lnghse2_frozen.nif,lnghse2_normal.nif,lnghse2_normal.nif,lnghse2_normal.nif,lnghse2_frozen.nif,lnghse2_frozen.nif,lnghse2_frozen.nif,lnghse2_frozen.nif,lnghse2_frozen.nif,lnghse2_frozen.nif,lnghse2_normal.nif,lnghse2_normal.nif,lnghse2_normal.nif,lnghse2_frozen.nif,lnghse2_frozen.nif,lnghse2_frozen.nif,lnghse2_frozen.nif,lnghse2_frozen.nif,lnghse2_frozen.nif
Nblacksmith_normal.nif,Nblacksmith_normal.nif,Nblacksmith_normal.nif,Nblacksmith_frozen.nif,Nblacksmith_frozen.nif,Nblacksmith_frozen.nif,Nblacksmith_frozen.nif,Nblacksmith_frozen.nif,Nblacksmith_frozen.nif,Nblacksmith_normal.nif,Nblacksmith_normal.nif,Nblacksmith_normal.nif,Nblacksmith_frozen.nif,Nblacksmith_frozen.nif,Nblacksmith_frozen.nif,Nblacksmith_frozen.nif,Nblacksmith_frozen.nif,Nblacksmith_frozen.nif,Nblacksmith_normal.nif,Nblacksmith_normal.nif,Nblacksmith_normal.nif,Nblacksmith_frozen.nif,Nblacksmith_frozen.nif,Nblacksmith_frozen.nif,Nblacksmith_frozen.nif,Nblacksmith_frozen.nif,Nblacksmith_frozen.nif
nrshse1_normal.nif,nrshse1_normal.nif,nrshse1_normal.nif,nrshse1_frozen.nif,nrshse1_frozen.nif,nrshse1_frozen.nif,nrshse1_frozen.nif,nrshse1_frozen.nif,nrshse1_frozen.nif,nrshse1_normal.nif,nrshse1_normal.nif,nrshse1_normal.nif,nrshse1_frozen.nif,nrshse1_frozen.nif,nrshse1_frozen.nif,nrshse1_frozen.nif,nrshse1_frozen.nif,nrshse1_frozen.nif,nrshse1_normal.nif,nrshse1_normal.nif,nrshse1_normal.nif,nrshse1_frozen.nif,nrshse1_frozen.nif,nrshse1_frozen.nif,nrshse1_frozen.nif,nrshse1_frozen.nif,nrshse1_frozen.nif
nrs-hut1_normal.nif,nrs-hut1_normal.nif,nrs-hut1_normal.nif,nrs-hut1_frozen.nif,nrs-hut1_frozen.nif,nrs-hut1_frozen.nif,nrs-hut1_frozen.nif,nrs-hut1_frozen.nif,nrs-hut1_frozen.nif,nrs-hut1_normal.nif,nrs-hut1_normal.nif,nrs-hut1_normal.nif,nrs-hut1_frozen.nif,nrs-hut1_frozen.nif,nrs-hut1_frozen.nif,nrs-hut1_frozen.nif,nrs-hut1_frozen.nif,nrs-hut1_frozen.nif,nrs-hut1_normal.nif,nrs-hut1_normal.nif,nrs-hut1_normal.nif,nrs-hut1_frozen.nif,nrs-hut1_frozen.nif,nrs-hut1_frozen.nif,nrs-hut1_frozen.nif,nrs-hut1_frozen.nif,nrs-hut1_frozen.nif
NTavern_normal.nif,NTavern_normal.nif,NTavern_normal.nif,NTavern_frozen.nif,NTavern_frozen.nif,NTavern_frozen.nif,NTavern_frozen.nif,NTavern_frozen.nif,NTavern_frozen.nif,NTavern_normal.nif,NTavern_normal.nif,NTavern_normal.nif,NTavern_frozen.nif,NTavern_frozen.nif,NTavern_frozen.nif,NTavern_frozen.nif,NTavern_frozen.nif,NTavern_frozen.nif,NTavern_normal.nif,NTavern_normal.nif,NTavern_normal.nif,NTavern_frozen.nif,NTavern_frozen.nif,NTavern_frozen.nif,NTavern_frozen.nif,NTavern_frozen.nif,NTavern_frozen.nif
N_bindst1_normal.nif,N_bindst1_normal.nif,N_bindst1_normal.nif,N_bindst1_frozen.nif,N_bindst1_frozen.nif,N_bindst1_frozen.nif,N_bindst1_frozen.nif,N_bindst1_frozen.nif,N_bindst1_frozen.nif,N_bindst1_normal.nif,N_bindst1_normal.nif,N_bindst1_normal.nif,N_bindst1_frozen.nif,N_bindst1_frozen.nif,N_bindst1_frozen.nif,N_bindst1_frozen.nif,N_bindst1_frozen.nif,N_bindst1_frozen.nif,N_bindst1_normal.nif,N_bindst1_normal.nif,N_bindst1_normal.nif,N_bindst1_frozen.nif,N_bindst1_frozen.nif,N_bindst1_frozen.nif,N_bindst1_frozen.nif,N_bindst1_frozen.nif,N_bindst1_frozen.nif
Hshop_normal.nif,Hshop_nuked.nif,Hshop_reconstructed.nif,Hshop_normal.nif,Hshop_nuked.nif,Hshop_reconstructed.nif,Hshop_normal.nif,Hshop_nuked.nif,Hshop_reconstructed.nif,Hshop_normal.nif,Hshop_nuked.nif,Hshop_reconstructed.nif,Hshop_normal.nif,Hshop_nuked.nif,Hshop_reconstructed.nif,Hshop_normal.nif,Hshop_nuked.nif,Hshop_reconstructed.nif,Hshop_normal.nif,Hshop_nuked.nif,Hshop_reconstructed.nif,Hshop_normal.nif,Hshop_nuked.nif,Hshop_reconstructed.nif,Hshop_normal.nif,Hshop_nuked.nif,Hshop_reconstructed.nif
elftavern2_normal.nif,elftavern2_nuked.nif,elftavern2_reconstructed.nif,elftavern2_normal.nif,elftavern2_nuked.nif,elftavern2_reconstructed.nif,elftavern2_normal.nif,elftavern2_nuked.nif,elftavern2_reconstructed.nif,elftavern2_normal.nif,elftavern2_nuked.nif,elftavern2_reconstructed.nif,elftavern2_normal.nif,elftavern2_nuked.nif,elftavern2_reconstructed.nif,elftavern2_normal.nif,elftavern2_nuked.nif,elftavern2_reconstructed.nif,elftavern2_normal.nif,elftavern2_nuked.nif,elftavern2_reconstructed.nif,elftavern2_normal.nif,elftavern2_nuked.nif,elftavern2_reconstructed.nif,elftavern2_normal.nif,elftavern2_nuked.nif,elftavern2_reconstructed.nif
Helfshack_normal.nif,Helfshack_nuked.nif,Helfshack_reconstructed.nif,Helfshack_normal.nif,Helfshack_nuked.nif,Helfshack_reconstructed.nif,Helfshack_normal.nif,Helfshack_nuked.nif,Helfshack_reconstructed.nif,Helfshack_normal.nif,Helfshack_nuked.nif,Helfshack_reconstructed.nif,Helfshack_normal.nif,Helfshack_nuked.nif,Helfshack_reconstructed.nif,Helfshack_normal.nif,Helfshack_nuked.nif,Helfshack_reconstructed.nif,Helfshack_normal.nif,Helfshack_nuked.nif,Helfshack_reconstructed.nif,Helfshack_normal.nif,Helfshack_nuked.nif,Helfshack_reconstructed.nif,Helfshack_normal.nif,Helfshack_nuked.nif,Helfshack_reconstructed.nif
HLurikHut_normal.nif,HLurikHut_nuked.nif,HLurikHut_reconstructed.nif,HLurikHut_normal.nif,HLurikHut_nuked.nif,HLurikHut_reconstructed.nif,HLurikHut_normal.nif,HLurikHut_nuked.nif,HLurikHut_reconstructed.nif,HLurikHut_normal.nif,HLurikHut_nuked.nif,HLurikHut_reconstructed.nif,HLurikHut_normal.nif,HLurikHut_nuked.nif,HLurikHut_reconstructed.nif,HLurikHut_normal.nif,HLurikHut_nuked.nif,HLurikHut_reconstructed.nif,HLurikHut_normal.nif,HLurikHut_nuked.nif,HLurikHut_reconstructed.nif,HLurikHut_normal.nif,HLurikHut_nuked.nif,HLurikHut_reconstructed.nif,HLurikHut_normal.nif,HLurikHut_nuked.nif,HLurikHut_reconstructed.nif
Hbindstone_normal.nif,Hbindstone_nuked.nif,Hbindstone_reconstructed.nif,Hbindstone_normal.nif,Hbindstone_nuked.nif,Hbindstone_reconstructed.nif,Hbindstone_normal.nif,Hbindstone_nuked.nif,Hbindstone_reconstructed.nif,Hbindstone_normal.nif,Hbindstone_nuked.nif,Hbindstone_reconstructed.nif,Hbindstone_normal.nif,Hbindstone_nuked.nif,Hbindstone_reconstructed.nif,Hbindstone_normal.nif,Hbindstone_nuked.nif,Hbindstone_reconstructed.nif,Hbindstone_normal.nif,Hbindstone_nuked.nif,Hbindstone_reconstructed.nif,Hbindstone_normal.nif,Hbindstone_nuked.nif,Hbindstone_reconstructed.nif,Hbindstone_normal.nif,Hbindstone_nuked.nif,Hbindstone_reconstructed.nif
