Effect,Effect,Effect,Effect,Effect,Effect,Track,Auto,Spin,Angle,Focus,Focus,Focus,Focus,Focus
ID,Name,NIF,Node,Duration,Rate,Angle,Scale,Axis,,Effect,Freq,Speed,Timeout,TargetFX
1,L Sparkle,2,Bip01 L Held,3000,100,0,1,,,,,,,
2,R Sparkle,2,Bip01 R Held,3000,100,0,1,,,,,,,
3,bright green glows drop on sphere,31,rootnode,4000,100,0,1,,,,,,,
4,Quick blue heal,5,rootnode,2000,100,0,1,,,,,,,
5,purple twinkle sphere,25,rootnode,4000,100,0,1,,,,,,,
6, green creep rot,9,rootnode,7000,100,0,1,,,,,,,
7,Small fire,7,targetchest,3000,100,0,0,,,,,,,
8,Cramp,10,Bip01 Pelvis,2000,100,0,1,,,,,,,
9,rusty sawblade large teeth,11,rootnode,4000,100,0,1,,,,,,,
10,rusty sawblade small teeth,12,rootnode,4000,100,0,1,,,,,,,
11,quick electric spark flash,188,targetchest,1000,100,0,1,,,,,,,
12,quick electric arcs hit,189,targetchest,500,100,0,1,,,,,,,
13,spherical jacob's ladder,362,rootnode,2000,100,0,1,,,,,,,
14,haste,16,rootnode,2000,100,0,1,,,,,,,
15,healing spiral with lightshafts,17,Bip01 Pelvis,4000,100,0,1,,,,,,,
16,center twinkle ripple,18,rootnode,2000,100,0,1,,,,,,,
17,levitate,19,rootnode,2500,100,0,1,,,,,,,
18,blue swirl atom collapsing,20,rootnode,2000,100,1,1,,,,,,,
19,green triswirl,104,targetchest,2000,100,0,1,,,,,,,
20,green multiswirl,105,targetchest,3000,100,0,1,,,,,,,
21,flameswirl,27,Bip01 Pelvis,3000,100,0,1,,,,,,,
22,rainbow triswirl,106,rootnode,2000,100,0,1,,,,,,,
23,dodeca shield,28,Bip01 Pelvis,3000,100,0,1,,,,,,,
24,leaves closing,221,rootnode,3000,100,0,1,,,,,,,
25,generic blessing,24,Bip01 Pelvis,3000,100,0,1,,,,,,,
26,blood cloud,25,Bip01 Pelvis,1000,100,0,1,,,,,,,
27,multicolor triswirl,23,targetchest,2000,100,0,1,,,,,,,
28,death cloud (do not erase),44,Bip01 Pelvis,9000,100,0,1,,,,,,,
29,fireball,31,Bip01 Pelvis,1000,100,0,0,,,,,,,
30,heat sphere,32,rootnode,4000,100,0,1,,,,,,,
31,fire arrow,33,Bip01 Pelvis,3000,100,0,0,,,,,,,
32,yellow halo,34,Bip01 Head,3000,100,0,1,,,,,,,
33,poison cloud,35,Bip01 Pelvis,10000,100,0,1,,,,,,,
34,Large blue ground shockwave/circular arcs,42,rootnode,2000,100,0,1,,,,,,,
35,rippling mirror sphere shield,37,Bip01 Pelvis,2000,100,0,1,,,,,,,
36,cold gather anim,38,Bip01 Pelvis,4000,100,0,1,,,,,,,
37, cold hand right,39,Bip01 R Held,3000,100,0,1,,,,,,,
38,cold hand left,39,Bip01 L Held,3000,100,0,1,,,,,,,
39,green to orange glows drop on sphere,33,rootnode,4000,100,0,1,,,,,,,
40,frostspray hit/groundsplash,41,rootnode,3000,100,0,1,,,,,,,
41,Small Red pain flash (Pelvis),72,Bip01 Pelvis,500,100,0,1,,,,,,,
42,vertical red shockhit (Head),73,Bip01 Head,2000,100,0,1,,,,,,,
43,translucent green goo drip,44,targetchest,4000,100,0,1,,,,,,,
44,orangish creep rot,45,rootnode,6000,100,0,1,,,,,,,
45,purple sparkle cloud,46,Bip01 Pelvis,5000,100,0,1,,,,,,,
46,illness1,47,Bip01 Pelvis,5000,100,0,1,,,,,,,
47,sprain1,48,Bip01 Pelvis,2300,100,0,1,,,,,,,
48,generic spirit ruin,49,Bip01 Pelvis,4300,100,0,1,,,,,,,
49,will drain,50,Bip01 Pelvis,3830,100,0,1,,,,,,,
50,Small Red pain flash (Head),72,Bip01 Head,500,100,0,1,,,,,,,
51,Steamcloud hit,190,Bip01 Pelvis,3000,100,0,1,,,,,,,
52,Corrosive Could hit,70,Bip01 Pelvis,10000,100,0,1,,,,,,,
53,Vines whip around ankles,22,rootnode,4000,100,0,1,,,,,,,
54,Red pain flash twinkles (Pelvis),75,Bip01 Pelvis,1000,100,0,1,,,,,,,
55,Red Sorcerer handglow Left,56,Bip01 L Held,4000,100,0,1,,,,,,,
56,Red Penta Splash,57,rootnode,2000,100,0,1,,,,,,,
57,Green Penta Splash,58,rootnode,2000,100,0,1,,,,,,,
58,Sprain Snare hit,59,Bip01 Pelvis,2000,100,0,1,,,,,,,
59,Green Sorcerer handglow Left,60,Bip01 L Held,4000,100,0,1,,,,,,,
60,Fleshbane hit,61,targetchest,3333,100,0,1,,,,,,,
61,Bloodbane hit,62,targetchest,3333,100,0,1,,,,,,,
62,Heartbane hit,63,targetchest,3333,100,0,1,,,,,,,
63,Soulbane hit,64,targetchest,3333,100,0,1,,,,,,,
64,red stun swirl,65,rootnode,2000,100,0,1,,,,,,,
65,weaken hit,66,rootnode,5000,100,0,1,,,,,,,
66,exhaustion hit,67,rootnode,5000,100,0,1,,,,,,,
67,multicolor rings growing/clouds,68,Bip01 Pelvis,6000,100,0,1,,,,,,,
68,growing red rings/cloud,69,Bip01 Pelvis,6000,100,0,1,,,,,,,
69,Red Sorcerer handglow Right,56,Bip01 R Held,4000,100,0,1,,,,,,,
70,acidic mist hit,55,targetchest,5000,100,0,1,,,,,,,
71,Red shock rings collapsing,52,targetchest,1000,100,0,1,,,,,,,
72,Green shock rings collapsing,53,targetchest,1000,100,0,1,,,,,,,
73,Purple shock rings collapsing,54,targetchest,1000,100,0,1,,,,,,,
74,quadriped red ground streaks rising,13,rootnode,2000,100,1,1,,,,,,,
75,black wolf red eye glow/burn,14,Bip01 Head,3000,100,2,1,,,,,,,
76,Green Sorcerer handglow Right,60,Bip01 R Held,4000,100,0,1,,,,,,,
77,silver twinkles SFX,78,Bip01 Pelvis,2000,100,0,1,,,,,,,
78,gold twinkles SFX,85,Bip01 Pelvis,2000,100,0,1,,,,,,,
79,Green Star Splash,76,rootnode,2000,100,0,1,,,,,,,
80,Purple Star Splash,77,rootnode,2000,100,0,1,,,,,,,
81,ground firesplash,36,rootnode,2000,100,0,1,,,,,,,
82,Confusion 1 hit,79,Bip01 Head,10000,100,0,1,,,,,,,
83,Confusion 2 hit,80,Bip01 Head,10000,100,0,1,,,,,,,
84,Green downward spirals,82,rootnode,3000,100,0,1,,,,,,,
85,Amnesia 1 hit,81,Bip01 Head,4000,100,0,1,,,,,,,
86,Silver mesmerize effect,83,Bip01 Head,10000,100,0,1,,,,,,,
87,Gold mesmerize effect,84,Bip01 Head,10000,100,0,1,,,,,,,
88,red evil burning,71,Bip01 Pelvis,3000,100,0,1,,,,,,,
89,flurry hit,41,rootnode,3000,100,0,1,,,,,,,
90,Hypothermia hit,88,rootnode,4000,100,0,1,,,,,,,
91,Coldsnap hit,87,rootnode,4000,100,0,1,,,,,,,
92,Iceblast hit,89,rootnode,4000,100,0,1,,,,,,,
93,Arctic Wind hit,90,rootnode,4000,100,0,1,,,,,,,
94,Paladin Group Defense hit,91,rootnode,4000,100,0,1,,,,,,,
95,Paladin Group Heal hit,92,rootnode,6000,100,1,1,,,,,,,
96,Paladin Group Strength hit,93,Bip01 Head,6500,100,1,1,,,,,,,
97,Paladin Self Defense hit,94,rootnode,2000,100,0,1,,,,,,,
98,Paladin handglow left,95,Bip01 L Held,3000,100,0,1,,,,,,,
99,Paladin handglow right,95,Bip01 R Held,3000,100,0,1,,,,,,,
100,blue lightshaft with collapsing blue rings,103,rootnode,4000,100,0,1,,,,,,,
101,Red pain flash twinkles (chest),75,targetchest,1000,100,0,1,,,,,,,
102,Dark spherical blast,151,targetchest,2000,100,0,1,,,,,,,
103,Cleric handglow left,99,Bip01 L Held,2000,100,0,1,,,,,,,
104,Cleric handglow right,99,Bip01 R Held,2000,100,0,1,,,,,,,
105,Minstrel handglow left,100,Bip01 L Held,2000,100,0,1,,,,,,,
106,Minstrel handglow right,100,Bip01 R Held,2000,100,0,1,,,,,,,
107,Colorful multiswirls,101,targetchest,3000,100,0,1,,,,,,,
108,Musical notes swirling/cast,102,rootnode,5000,100,0,1,,,,,,,
109,skull sphereshield,261,rootnode,4000,100,0,1,,,,,,,
110,scare face 1,119,rootnode,4000,100,0,1,,,,,,,
111,scare face 1a,120,rootnode,4000,100,0,1,,,,,,,
112,scare face 2,121,rootnode,4000,100,0,1,,,,,,,
113,scare face 2a,122,rootnode,4000,100,0,1,,,,,,,
114,smallest explosion,108,targetchest,2000,100,0,1,,,,,,,
115,small explosion,109,targetchest,2000,100,0,1,,,,,,,
116,medium Fiery explosion,110,targetchest,1000,100,0,1,,,,,,,
117,large Fiery explosion,111,targetchest,4000,100,0,1,,,,,,,
118,large Fiery explosion w/ flamers,112,targetchest,4000,100,0,1,,,,,,,
119,level 0-1 Fiery projectile,113,Bip01 R Held,4000,100,0,0,,,,,,,
120,level 2-5 Fiery projectile,114,Bip01 R Held,4000,100,0,0,,,,,,,
121,level 6-9 Fiery projectile,115,Bip01 R Held,4000,100,0,0,,,,,,,
122,level 10-14 Fiery projectile,116,Bip01 R Held,4000,100,0,0,,,,,,,
123,level 15-20 Fiery projectile,117,Bip01 R Held,4000,100,0,0,,,,,,,
124,Fiery handglow left,118,Bip01 L Held,4000,100,0,1,,,,,,,
125,Fiery handglow right,118,Bip01 R Held,4000,100,0,1,,,,,,,
126,leaf and dewdrop,218,rootnode,4000,100,1,1,,,,,,,
127,leaf and dewdrop with waterglob,219,rootnode,5000,100,1,1,,,,,,,
128,green goo triswirl,26,rootnode,3000,100,0,1,,,,,,,
129,Red pain flash w/burn (chest)  ,97,targetchest,3000,100,0,1,,,,,,,
130,Blue cylindrical rings on ground,123,rootnode,2000,100,0,1,,,,,,,
131,ground twinkles,124,rootnode,1000,100,0,1,,,,,,,
132,light heal sprinkle,125,rootnode,2000,100,0,1,,,,,,,
133,Musical Command Pulse,126,Bip01 Head,2000,100,0,1,,,,,,,
134,Balor's eye effect,243,Bip01 Head,4000,100,2,0,,,,,,,
135, Old Poison Spray,128,Bip01 Head,1000,100,2,0,,,,,,,
136,small electric splash and static,129,rootnode,2000,100,0,1,,,,,,,
137,Strength runes (ground),130,rootnode,2000,100,1,1,,,,,,,
138,single lightning stroke,131,targetchest,1000,100,0,1,,,,,,,
139,double lightning stroke,132,targetchest,1500,100,0,1,,,,,,,
140,thick lightning stroke,133,targetchest,1000,100,0,1,,,,,,,
141,2 second arcs electric DD,134,targetchest,2000,100,0,1,,,,,,,
142,ground electric DD,135,rootnode,1000,100,0,1,,,,,,,
143,thor's hammer,136,rootnode,4000,100,0,0,,,,,,,
144,odin's spear,137,rootnode,4000,100,0,0,,,,,,,
145,Electric handglow left,138,Bip01 L Held,3000,100,0,1,,,,,,,
146,Electric handglow right,138,Bip01 R Held,3000,100,0,1,,,,,,,
147,vertical white waves hit (Head),139,Bip01 Head,2000,100,0,1,,,,,,,
148,insanity 1 hit/burn,51,Bip01 Head,3000,100,0,1,,,,,,,
149,insanity 2 hit/burn,173,Bip01 Head,3000,100,0,1,,,,,,,
150,small ground ripple of darkness,142,rootnode,2000,100,0,1,,,,,,,
151,medium ground ripple of darkness,143,rootnode,2000,100,0,1,,,,,,,
152,large ground ripple of darkness,144,rootnode,2000,100,0,1,,,,,,,
153,red skull cloud 5 sec,140,rootnode,5000,100,0,1,,,,,,,
154,swirling darkness,146,rootnode,2000,100,0,1,,,,,,,
155,misty darkshield,147,rootnode,4000,100,0,1,,,,,,,
156,night mist cloud,148,rootnode,5000,100,0,1,,,,,,,
157,generic dark projectile,149,Bip01 Pelvis,4000,100,0,0,,,,,,,
158,blue sphere shield,150,rootnode,4000,100,0,1,,,,,,,
159,insanity 3 hit/burn,187,Bip01 Head,3000,100,0,1,,,,,,,
160,Spiritmaster handglow Right,152,Bip01 L Held,4000,100,0,1,,,,,,,
161,Spiritmaster handglow Left,152,Bip01 R Held,4000,100,0,1,,,,,,,
162,Lightning storm,153,rootnode,3000,100,0,1,,,,,,,
163,Fire DD (path of Fire),154,targetchest,3000,100,0,1,,,,,,,
164,Fire DD2 (path of Fire),155,rootnode,4000,100,0,1,,,,,,,
165,Fire DD3 (path of Fire),156,rootnode,5000,100,0,1,,,,,,,
166,Fire DD4 (path of Fire),157,rootnode,5000,100,0,1,,,,,,,
167,Fire DD5 (path of Fire),158,rootnode,5000,100,0,1,,,,,,,
168,Fire Projectile (pyromancy list),159,Bip01 R Finger0,4000,100,0,0,,,,,,,
169,Fiery explosion (pyromancy list),160,targetchest,4000,100,0,0,,,,,,,
170,earthhand closing,161,rootnode,8000,100,0,1,,,,,,,
171,earth fingers grasping,162,rootnode,8000,100,0,1,,,,,,,
172,wind gust,163,rootnode,3000,100,1,1,,,,,,,
173,wind swirl,164,rootnode,4000,100,0,1,,,,,,,
174,dust devil,165,rootnode,5000,100,0,1,,,,,,,
175,generic cure buildup,166,rootnode,4000,100,1,1,,,,,,,
176,cure poison,167,rootnode,5000,100,0,1,,,,,,,
177,cure disease,168,rootnode,5000,100,0,1,,,,,,,
178,blue helix heal 1,169,Bip01 Pelvis,4000,100,0,1,,,,,,,
179,blue helix heal 2,170,Bip01 Pelvis,4000,100,0,1,,,,,,,
180,blue helix heal 3,171,Bip01 Pelvis,4000,100,0,1,,,,,,,
181,blue helix heal 4,172,Bip01 Pelvis,4000,100,0,1,,,,,,,
182,Red pain flash w/burn (pelvis),97,Bip01 Pelvis,3000,100,0,1,,,,,,,
183,holy shield 1,174,rootnode,4000,100,1,1,,,,,,,
184,holy shield 2,175,rootnode,4000,100,1,1,,,,,,,
185,holy shield 3,176,rootnode,4000,100,1,1,,,,,,,
186,holy shield 4,177,rootnode,4000,100,1,1,,,,,,,
187,light shaft with spiral twinkles,178,rootnode,4000,100,0,1,,,,,,,
188,light shaft with rising twinkles,179,rootnode,4000,100,0,1,,,,,,,
189,golden streaks shaft,180,rootnode,4000,100,0,1,,,,,,,
190,earth crack open,181,rootnode,4000,100,0,1,,,,,,,
191,Amethyst shield,182,rootnode,4000,100,0,1,,,,,,,
192,Ruby shield,183,rootnode,4000,100,0,1,,,,,,,
193,Sapphire shield,184,rootnode,4000,100,0,1,,,,,,,
194,Emerald shield,185,rootnode,4000,100,0,1,,,,,,,
195,Diamond shield,186,rootnode,4000,100,0,1,,,,,,,
196,Dragonbreath Fire,335,Bip01 Head,5000,100,1,1,,,,,,,
197,Dragonbreath Cold,336,Bip01 Head,5000,100,1,1,,,,,,,
198,Dragonbreath Evil,337,Bip01 Head,5000,100,1,1,,,,,,,
199,Dragonbreath Steam,338,Bip01 Head,5000,100,1,1,,,,,,,
200,coldring blast,191,rootnode,3000,100,1,1,,,,,,,
201,ice block/fracture,192,rootnode,4000,100,1,1,,,,,,,
202,2 small Meteors orbiting,193,rootnode,5000,100,1,1,,,,,,,
203,Mana explosion 1,194,targetchest,1000,100,0,1,,,,,,,
204,Mana explosion 2,195,targetchest,3000,100,0,1,,,,,,,
205,Mana explosion 3,196,targetchest,3000,100,0,1,,,,,,,
206,Mana explosion 4,197,targetchest,3000,100,0,1,,,,,,,
207,Mana explosion 5,198,targetchest,2000,100,0,1,,,,,,,
208,Void Projectile 1,199,Bip01 R Held,4000,100,0,0,,,,,,,
209,Void Projectile 2,200,Bip01 R Held,4000,100,0,0,,,,,,,
210,Void Projectile 3,201,Bip01 R Held,4000,100,0,0,,,,,,,
211,Void Projectile 4,202,Bip01 R Held,4000,100,0,0,,,,,,,
212,Void Projectile 5,203,Bip01 R Held,4000,100,0,0,,,,,,,
213,Void Explosion 1,204,targetchest,3000,100,0,0,,,,,,,
214,Void Explosion 2,205,targetchest,3000,100,0,0,,,,,,,
215,Void Explosion 3,206,targetchest,3000,100,0,0,,,,,,,
216,Void Explosion 4,207,targetchest,3000,100,0,0,,,,,,,
217,Void Explosion 5,208,targetchest,4000,100,0,0,,,,,,,
218, Mana handglow left,209,Bip01 L Held,4000,100,0,1,,,,,,,
219,Mana handglow right,209,Bip01 R Held,4000,100,0,1,,,,,,,
220,Rainbow healing 1,210,rootnode,3000,100,1,1,,,,,,,
221,Rainbow healing 2,211,rootnode,3000,100,1,1,,,,,,,
222,Rainbow healing 3,212,rootnode,3000,100,1,1,,,,,,,
223,Rainbow healing 4,213,rootnode,3000,100,1,1,,,,,,,
224,Rainbow healing 5,214,rootnode,4000,100,1,1,,,,,,,
225,rainbow mesmerize 1,215,Bip01 Head,5000,100,0,1,,,,,,,
226,rainbow mesmerize 2,216,Bip01 Head,10000,100,1,1,,,,,,,
227,rainbow mesmerize 3,217,Bip01 Head,10000,100,1,1,,,,,,,
228,red downward spirals,86,rootnode,3000,100,0,1,,,,,,,
229,fungal shield/shell,29,rootnode,3000,100,0,1,,,,,,,
230,Mana buff 1,220,rootnode,1000,100,0,1,,,,,,,
231,oakleaves falling,30,rootnode,3000,100,0,1,,,,,,,
232,blue lightshafts,222,rootnode,2000,100,0,1,,,,,,,
233,silver lightshafts,223,rootnode,2000,100,0,1,,,,,,,
234,gold lightshafts,224,rootnode,2000,100,0,1,,,,,,,
235,Mana shield 1,225,rootnode,4000,100,0,1,,,,,,,
236,Mana shield 2,226,rootnode,4000,100,0,1,,,,,,,
237,Mana shield 3,227,rootnode,4000,100,0,1,,,,,,,
238,Mana shield 4,228,rootnode,4000,100,0,1,,,,,,,
239,Mana shield 5,229,rootnode,4000,100,0,1,,,,,,,
240,Manasurge gather,230,rootnode,2000,100,0,1,,,,,,,
241,Manasurge 1,231,rootnode,2000,100,0,1,,,,,,,
242,Manasurge 3,232,rootnode,2000,100,0,1,,,,,,,
243,Manasurge 5,233,rootnode,2000,100,0,1,,,,,,,
244,Mana/Light  Hand Burst 1,234,Bip01 R Held,3000,100,1,1,,,,,,,
245,Mana/Light  Hand Burst 2,235,Bip01 R Held,3000,100,1,1,,,,,,,
246,Mana/Light  Hand Burst 3,236,Bip01 R Held,3000,100,1,1,,,,,,,
247,Mana/Light  Hand Burst 4,237,Bip01 R Held,3000,100,1,1,,,,,,,
248,Mana/Light  Hand Burst 5,238,Bip01 R Held,3000,100,1,1,,,,,,,
249,Thorn wrapping,239,rootnode,3000,100,0,1,,,,,,,
250,Oakleaf buff ,240,rootnode,5000,100,0,1,,,,,,,
251,Druid handglow L ,241,Bip01 L Held,4000,100,0,1,,,,,,,
252,Druid handglow R ,241,Bip01 R Held,4000,100,0,1,,,,,,,
253,Level Up Effect 1,242,rootnode,4000,100,1,1,,,,,,,
254,Collapsing rune ring,43,rootnode,3000,100,0,1,,,,,,,
255,thor's hammer2 ,244,rootnode,5000,100,0,1,,,,,,,
256,Dark Explosion 1,245,targetchest,2000,100,0,1,,,,,,,
257,Dark Explosion 2,246,targetchest,2000,100,0,1,,,,,,,
258,Dark Explosion 3,247,targetchest,2000,100,0,1,,,,,,,
259,Dark Explosion 4,248,targetchest,2000,100,0,1,,,,,,,
260,Dark Explosion 5,249,targetchest,2000,100,0,1,,,,,,,
261,Void handglow L,250,Bip01 L Held,4000,100,0,1,,,,,,,
262,Void handglow R,250,Bip01 R Held,4000,100,0,1,,,,,,,
263,Vine wrapping,251,rootnode,3000,100,0,1,,,,,,,
264,3 second fire with smokepuff,252,Bip01 Pelvis,3000,100,0,1,,,,,,,
265,cold cloud with twinkles,253,targetchest,2000,100,0,1,,,,,,,
266,long dirt cloud,254,Bip01 Head,10000,100,0,1,,,,,,,
267,Hibernian dancing longsword,255,rootnode,30000,100,1,1,,,,,,,
268,Arawn's eyes 4 sec,256,rootnode,4000,100,0,1,,,,,,,
269,Arawn's eyes gleaming 6 sec,257,rootnode,6000,100,0,1,,,,,,,
270,Arawn's eyes flaming 6 sec,258,rootnode,6000,100,0,1,,,,,,,
271,Arawn's eyes redbeams 6 sec,259,rootnode,6000,100,0,1,,,,,,,
272,protection runes (floating),360,rootnode,2000,100,0,1,,,,,,,
273,protection runes (ground),361,rootnode,2000,100,0,1,,,,,,,
274,green shocksplash,363,rootnode,1000,100,0,1,,,,,,,
275,blue shocksplash,364,rootnode,1000,100,0,1,,,,,,,
276,red shocksplash,365,rootnode,1000,100,0,1,,,,,,,
277,Small Red pain flash (Head),72,Bip01 Head,500,100,0,1,,,,,,,
278,Angel wings,366,rootnode,4000,100,1,1,,,,,,,
279,golden twinkle sphere,367,rootnode,4000,100,0,1,,,,,,,
280,Amber shield effect,368,rootnode,4000,100,0,1,,,,,,,
281,Dark tendrils 5 sec,369,rootnode,5000,100,0,1,,,,,,,
282,Multicolor sphereshield,370,rootnode,4000,100,0,1,,,,,,,
283,Purple sphereshield,371,rootnode,4000,100,0,1,,,,,,,
284,Red skullswirl wrap,372,rootnode,4000,100,0,1,,,,,,,
285, 4s Red cylindrical shield,373,rootnode,4000,100,0,1,,,,,,,
286, 4s Purple cylindrical shield,374,rootnode,4000,100,0,1,,,,,,,
287, 4sPower/Mana cylindrical shield,375,rootnode,4000,100,0,1,,,,,,,
288,rainbow scintillation (Head),376,Bip01 Head,3000,100,0,1,,,,,,,
289,silver scintillation (head),377,Bip01 Head,3000,100,0,1,,,,,,,
290,green head scintillation,378,Bip01 Head,3000,100,0,1,,,,,,,
291,red  head scintillation,379,Bip01 Head,3000,100,0,1,,,,,,,
292,blue void burning 3 sec,380,Bip01 Pelvis,3000,100,0,1,,,,,,,
293,mana  burning 3 sec,381,Bip01 Pelvis,3000,100,0,1,,,,,,,
294,quick dirtpuff (ground),382,rootnode,2000,100,0,1,,,,,,,
295,red swirls,383,rootnode,2000,100,0,1,,,,,,,
296,purple spiral twirl,384,rootnode,2000,100,0,1,,,,,,,
297,visions 1 hit,385,targetchest,2000,100,0,1,,,,,,,
298,visions 2 hit,386,targetchest,2000,100,0,1,,,,,,,
299,visions 3 hit,387,targetchest,2000,100,0,1,,,,,,,
300,visions 4 hit,388,targetchest,2000,100,0,1,,,,,,,
301,gold scintillation (head),389,Bip01 Head,3000,100,0,1,,,,,,,
302,silver/rainbow scintillation,390,Bip01 Head,3000,100,0,1,,,,,,,
303,solid green poison puff,391,targetchest,4000,100,0,1,,,,,,,
304,brown goo drip,392,targetchest,4000,100,0,1,,,,,,,
305,Blue triswirls ,393,rootnode,3000,100,0,1,,,,,,,
306,brown sickly puff (head),394,Bip01 Head,4000,100,0,1,,,,,,,
307,small lightning stroke (right hand),395,Bip01 R Held,1000,100,0,1,,,,,,,
308,silver scintillation (chest) ,377,targetchest,3000,100,0,1,,,,,,,
309,gold scintillation (chest),389,targetchest,3000,100,0,1,,,,,,,
310,silver/rainbow scintillation (chest),390,targetchest,3000,100,0,1,,,,,,,
311,gold/rainbow scintillation (chest),396,targetchest,3000,100,0,1,,,,,,,
312,buzzing flies (head),98,Bip01 Head,4000,100,0,1,,,,,,,
313,waraxe shortsword clash,397,rootnode,3000,100,1,1,,,,,,,
314,battleaxe broadsword clash,398,rootnode,3000,100,1,1,,,,,,,
315,greataxe greathammer  clash,399,rootnode,3000,100,1,1,,,,,,,
316,red flask,400,Bip01 R Held,5000,100,2,1,3,90,,,,,
317,orange flask,401,Bip01 R Held,5000,100,2,1,3,90,,,,,
318,yellow flask,402,Bip01 R Held,5000,100,2,1,3,90,,,,,
319,green flask,403,Bip01 R Held,5000,100,2,1,3,90,,,,,
320,blue flask,404,Bip01 R Held,5000,100,2,1,3,90,,,,,
321,purple flask,405,Bip01 R Held,5000,100,2,1,3,90,,,,,
322,red/purple flask,406,Bip01 R Held,5000,100,2,1,3,90,,,,,
323,red/orange flask,407,Bip01 R Held,5000,100,2,1,3,90,,,,,
324,rainbow flask,408,Bip01 R Held,5000,100,2,1,3,90,,,,,
325,clear flask,409,Bip01 R Held,5000,100,2,1,3,90,,,,,
326,green column with rings,3,rootnode,3000,100,0,1,,,,,,,
327,blue column with rings,4,rootnode,3000,100,0,1,,,,,,,
328,gold column with rings,6,rootnode,3000,100,0,1,,,,,,,
329,Small Red pain flash (RHand),72,Bip01 R Held,500,100,0,1,,,,,,,
330,flurry slashes hit,74,targetchest,3000,100,1,1,,,,,,,
331,mouth bubbles,410,Bip01 Head,3000,100,1,1,,,,,,,
332,Generic Resist,96,rootnode,1000,100,0,1,,,,,,,
333,Sand blowing 1,411,rootnode,8300,100,1,1,,,,,,,
334,Sand blowing 2,412,rootnode,8300,100,1,1,,,,,,,
335,Sand blowing 3,413,rootnode,8300,100,1,1,,,,,,,
336,Sand blowing 4,414,rootnode,8300,100,1,1,,,,,,,
337,Sand blowing 5,415,rootnode,8300,100,1,1,,,,,,,
338,spike trap,416,rootnode,3000,100,0,1,,,,,,,
339,1 second red cylindrical shield,417,rootnode,1000,100,0,1,,,,,,,
340,1 second purple cylindrical shield,418,rootnode,1000,100,0,1,,,,,,,
341,1 second mana/power cylindrical shield,419,rootnode,1000,100,0,1,,,,,,,
342,1 second Multicolor sphereshield,420,rootnode,1000,100,0,1,,,,,,,
343,1 second Purple sphereshield,421,rootnode,1000,100,0,1,,,,,,,
344,leaves swirling,145,rootnode,4000,100,0,1,,,,,,,
345,Gorgon gaze,422,Bip01 Head,1500,100,2,1,,,,,,,
346,poison explosion hit,141,targetchest,2000,100,0,1,,,,,,,
347,sunshaft,423,rootnode,4000,100,0,1,,,,,,,
348,moonshaft,424,rootnode,4000,100,0,1,,,,,,,
349,snake poison spray,425,Bip01 Ext12,2000,100,2,1,3,74,,,,,
350,snake fire spray,426,Bip01 Ext12,2000,100,2,1,3,74,,,,,
351,Typhon melting,427,rootnode,4666,100,1,1,,,,,,,
352,Vertical flame spout,428,rootnode,2000,100,0,1,,,,,,,
353,Kelp wrapping/tangling,429,rootnode,4000,100,0,1,,,,,,,
354,red rising/falling smoke effect,430,rootnode,5000,100,0,1,,,,,,,
355,grey rising/falling smoke effect,431,rootnode,5000,100,0,1,,,,,,,
356,Medusa Gaze,432,Bip01 Head,1500,100,2,1,,,,,,,
357, floating Stygia Symbol,433,rootnode,2000,100,1,1,,,,,,,
358,floating pyramid energy waves,434,rootnode,2000,100,1,1,,,,,,,
359,Ink cloud,435,rootnode,2500,100,0,1,,,,,,,
360,Typhon rising,436,rootnode,4666,100,1,1,,,,,,,
361,water jet,437,Bip01 R Held,1000,100,2,1,,,,,,,
362,water blast,438,Bip01 Pelvis,3000,100,0,1,,,,,,,
363, 2x speed silver twinkles SFX,78,Bip01 Pelvis,1000,200,0,1,,,,,,,
364, 2 sec solid green poison puff (Head),391,Bip01 Head,2000,200,0,1,,,,,,,
365,spherical  crossrings green,440,rootnode,2000,100,0,1,,,,,,,
366,spherical  crossrings spirit,441,rootnode,2000,100,0,1,,,,,,,
367,spherical  crossrings holy,442,rootnode,2000,100,0,1,,,,,,,
368,spherical  crossrings pearl,443,rootnode,2000,100,0,1,,,,,,,
369,speedwarp hit,444,rootnode,1000,100,1,1,,,,,,,
370,Scorpion bolt loading ,445,Ammo,1000,100,2,0,3,,,,,,
371,Scorpion bolt ready,446,Ammo,1000,100,2,0,3,,,,,,
372,Scorpion bolt travelling,447,Ammo,1000,100,2,0,3,,,,,,
373,Scorpion bolt stick strike hit,448,Ammo,4000,100,2,0,3,,,,,,
374,Ballista bolt loading,449,Ammo,1000,100,2,0,3,,,,,,
375,Ballista bolt ready,450,Ammo,1000,100,2,0,3,,,,,,
376,Ballista bolt travelling,451,Ammo,1000,100,2,0,3,,,,,,
377,Ballista bolt stick strike hit,452,Ammo,4000,100,2,0,3,,,,,,
378,Boulder loading,453,Ammo,1000,100,2,0,3,,,,,,
379,Boulder ready,454,Ammo,1000,100,2,0,3,,,,,,
380,Boulder travelling,455,Ammo,1000,100,2,0,3,,,,,,
381,Boulder exploding hit,456,Ammo,4000,100,2,0,3,,,,,,
382,Catapult pitchball loading,457,Ammo,1000,100,2,0,3,,,,,,
383,Catapult pitchball ready,458,Ammo,1000,100,2,0,3,,,,,,
384,Catapult pitchball travelling,459,Ammo,1000,100,2,0,3,,,,,,
385,Catapult pitchball exploding hit,460,Ammo,4000,100,2,0,3,,,,,,
386,Catapult coldball loading,461,Ammo,500,100,2,0,3,,,,,,
387,Catapult coldball ready,462,Ammo,1000,100,2,0,3,,,,,,
388,Catapult coldball travelling,463,Ammo,1000,100,2,0,3,,,,,,
389,Catapult coldball exploding hit,464,Ammo,4000,100,2,0,3,,,,,,
390,Catapult stone shot loading,465,Ammo,500,100,2,0,3,,,,,,
391,Catapult stone shot ready,466,Ammo,1000,100,2,0,3,,,,,,
392,Catapult stone shot travelling,467,Ammo,2000,100,2,0,3,,,,,,
393,Catapult stone shot hit exploding,468,Ammo,4000,100,2,0,3,,,,,,
394,Catapult disease carcass load,469,Ammo,500,100,2,0,3,,,,,,
395,Catapult disease carcass ready,470,Ammo,1000,100,2,0,3,,,,,,
396,Catapult disease carcass travel,471,Ammo,1000,100,2,0,3,,,,,,
397,Catapult disease carcass explode hit,472,Ammo,4000,100,2,0,3,,,,,,
398,Boiling oil filling,473,Ammo,5000,100,2,0,3,,,,,,
399,Boiling oil ready,474,Ammo,5000,100,2,0,3,,,,,,
400,Boiling oil pouring,475,Ammo,4333,100,2,0,3,,,,,,
401,Boiling oil splash,482,Ammo,4000,100,1,0,,,,,,,
402,Poison ball load,483,Ammo,10000,100,2,0,3,,,,,,
403,Poison ball ready,484,Ammo,10000,100,2,0,3,,,,,,
404,Poison ball travelling,485,Ammo,2000,100,2,0,3,,,,,,
405,Poison ball explosion,486,Ammo,4000,100,2,0,3,,,,,,
406,lion green eye glow,15,Bip01 Head,2000,100,2,1,,,,,,,
407,quadriped green flames rising,21,rootnode,2000,100,1,1,,,,,,,
408,red damage fanspray,487,rootnode,1000,100,1,1,,,,,,,
409,yellow shearing fanspray,488,rootnode,1000,100,1,1,,,,,,,
410,blue shearing fanspray,489,rootnode,1000,100,1,1,,,,,,,
411,wavy red snaring fanspray,490,rootnode,2000,100,1,1,,,,,,,
412,red expanding ring ,491,rootnode,1000,100,,1,,,,,,,
413,red expanding ring with Norse runes,492,rootnode,2000,100,,1,,,,,,,
414,single acuity shear hit,493,targetchest,2000,100,,1,,,,,,,
415,single DEX shear hit,494,targetchest,2000,100,,1,,,,,,,
416,single DEX-QUI shear hit,495,targetchest,2000,100,,1,,,,,,,
417,single STR shear hit,496,targetchest,2000,100,,1,,,,,,,
418,single CON shear hit,497,targetchest,2000,100,,1,,,,,,,
419,single STRCON shear hit,498,targetchest,2000,100,,1,,,,,,,
420,radius acuity shear hit,500,targetchest,2000,100,,1,,,,,,,
421,radius DEX shear hit,501,targetchest,2000,100,,1,,,,,,,
422,radius DEX-QUI shear hit,502,targetchest,2000,100,,1,,,,,,,
423,radius STR shear hit,503,targetchest,2000,100,,1,,,,,,,
424,radius CON shear hit,504,targetchest,2000,100,,1,,,,,,,
425,radius STRCON shear hit,505,targetchest,2000,100,,1,,,,,,,
426,smaller red purple explosion,506,targetchest,2000,100,,1,,,,,,,
427, red purple explosion,507,targetchest,2000,100,,1,,,,,,,
428,red purple explosion,508,targetchest,2000,100,,1,,,,,,,
429,fiery aura briefly flaring,509,targetchest,2000,100,,1,,,,,,,
430,more pronounced fiery aura briefly flaring,510,targetchest,2000,100,,1,,,,,,,
431,golden streaks aura,511,targetchest,2000,100,,1,,,,,,,
432,golden streaks aura with ring,512,targetchest,2000,100,,1,,,,,,,
433,golden streaks aura with ringburst,513,targetchest,2000,100,,1,,,,,,,
434,fire1 damage pulse,514,Bip01 R Hand,4000,100,,1,,,435,500,800,6000,81
435,fire1 focus pulse,515,Bip01 R Hand,1000,100,,1,,,,,,,
436,flame ring surge at feet,516,rootnode,1500,100,,1,,,,,,,
437, larger flame ring surge at feet,517,rootnode,1500,100,,1,,,,,,,
438,flame shield fireblossom,518,rootnode,3000,100,,1,,,,,,,
439,lava bubble shield,519,rootnode,4000,100,,1,,,,,,,
440,heatwaves shield,520,rootnode,2000,100,,1,,,,,,,
441,lifetap hit flash with skull,521,targetchest,2000,100,,1,,,,,,,
442, bigger lifetap hit flash with skull,522,targetchest,2000,100,,1,,,,,,,
443,constricting fire spiral,523,rootnode,2000,100,,1,,,,,,,
444, alternate constricting fire spiral,524,rootnode,2000,100,,1,,,,,,,
445, lava puddle cloudy 3s,525,rootnode,3000,100,,1,,,,,,,
446, lava puddle crusty 3s,526,rootnode,3000,100,,1,,,,,,,
447, lava puddle lumpy 3s,527,rootnode,3000,100,,1,,,,,,,
448, lava puddle crackle 3s,528,rootnode,3000,100,,1,,,,,,,
449, lava pool erupting cloudy 4s,529,rootnode,4000,100,,1,,,,,,,
450, lava pool erupting crusty 4s,530,rootnode,4000,100,,1,,,,,,,
451, lava pool erupting lumpy 4s,531,rootnode,4000,100,,1,,,,,,,
452, lava pool erupting carckle 4s,532,rootnode,4000,100,,1,,,,,,,
453,white pointsource soundripples,533,Bip01 Head,2000,100,,1,,,,,,,
454,red pointsource soundripples,534,Bip01 Head,2000,100,,1,,,,,,,
455,pointsource red black sound blast,535,Bip01 Head,2000,100,,1,,,,,,,
456,pointsource purple black sound blast,536,Bip01 Head,2000,100,,1,,,,,,,
457,sound hit red shock,537,Bip01 Head,2000,100,,1,,,,,,,
458,sound hit black shock,538,Bip01 Head,3000,100,,1,,,,,,,
459,flat ripple blast,539,rootnode,3000,100,,1,,,,,,,
460,moon rises behind caster,540,rootnode,4000,100,,1,,,,,,,
461,moon rise and eclipse 1,541,rootnode,4000,100,,1,,,,,,,
462,moon rise and eclipse 2,542,rootnode,4000,100,,1,,,,,,,
463,evil red streaks move downward,543,rootnode,2000,100,,1,,,,,,,
464,evil red black streaks move downward,544,rootnode,2000,100,,1,,,,,,,
465,evil red streaks move upward,545,rootnode,2000,100,,1,,,,,,,
466,evil red black streaks move upward,546,rootnode,2000,100,,1,,,,,,,
467,fire hit with flaming lifetap face,547,targetchest,3000,100,,1,,,,,,,
468,item decay head,548,Bip01 Head,10000,100,,1,,,,,,,
469,item decay torso,549,Bip01 Pelvis,10000,100,,1,,,,,,,
470,item decay legs,550,Bip01 Pelvis,10000,100,,1,,,,,,,
471,evil red handglow L,551,Bip01 L Held,4000,100,,1,,,,,,,
472,evil red handglow R,551,Bip01 R Held,4000,100,,1,,,,,,,
473,clawslash in air red rip,552,rootnode,2000,100,1,1,,,,,,,
474,hit splash with red ring,553,targetchest,1000,100,,1,,,,,,,
475,inward flowing red streams with red pulse,554,targetchest,2000,100,,1,,,,,,,
476,sound spray 180 degrees purple vibration  ,555,Bip01 Pelvis,1000,100,1,1,,,,,,,
477,sound spray 180 degrees red vibration  ,556,Bip01 Pelvis,1000,100,1,1,,,,,,,
478,sound spray 180 degrees white vibration  ,557,Bip01 Pelvis,1000,100,1,1,,,,,,,
479,sound spray 180 degrees purple snare,558,Bip01 Pelvis,1000,100,1,1,,,,,,,
480,sound ring red ping wave,559,rootnode,1000,100,,1,,,,,,,
481,sound cone mouthblast ripples,560,Bip01 Head,2000,100,1,1,,,,,,,
482,sonic shield 1,561,Bip01 Pelvis,3000,100,,1,,,,,,,
483,sonic shield 2,562,Bip01 Pelvis,4000,100,,1,,,,,,,
484,sonic shield 3,563,Bip01 Pelvis,4000,100,,1,,,,,,,
485,ghostly greenish shield,564,rootnode,3000,100,,1,,,,,,,
486,vertical hitsplash red 1,565,targetchest,2000,100,,1,,,,,,,
487,vertical hitsplash purple 1,566,targetchest,2000,100,,1,,,,,,,
488,vertical hitsplash red veins,567,targetchest,2000,100,,1,,,,,,,
489,vertical hitsplash soft wavy red,568,targetchest,2000,100,,1,,,,,,,
490,vertical hitsplash soft wavy purple,569,targetchest,2000,100,,1,,,,,,,
491,vertical hitsplash soft purple,570,targetchest,2000,100,,1,,,,,,,
492,vertical hitsplash green veins,571,targetchest,2000,100,,1,,,,,,,
493,subtle green handglow L,572,Bip01 L Held,4000,100,,1,,,,,,,
494,subtle green handglow R,572,Bip01 R Held,4000,100,,1,,,,,,,
495,subtle green ring handglow L,573,Bip01 L Held,4000,100,,1,,,,,,,
496,subtle green ring handglow R,573,Bip01 R Held,4000,100,,1,,,,,,,
497,groundsplash soft fire,574,rootnode,2000,100,,1,,,,,,,
498,groundsplash  heatwaves,575,rootnode,2000,100,,1,,,,,,,
499,red wavy projectile 1,576,Bip01 R Held,5000,100,,0,,,,,,,
500,red wavy projectile 2,577,Bip01 R Held,5000,100,,0,,,,,,,
501,red wavy projectile 3,578,Bip01 R Held,5000,100,,0,,,,,,,
502, green wavy projectile 1,579,targetchest,5000,100,,0,,,,,,,
503, green wavy projectile 2,580,targetchest,5000,100,,0,,,,,,,
504, green wavy projectile 3,581,targetchest,5000,100,,0,,,,,,,
505,green absorb handglow 1,582,Bip01 L Held,2000,100,,1,,,,,,,
506,large ripply distortion about head,583,Bip01 Head,2000,100,0,1,,,,,,,
507,sonic pain hit 1,584,Bip01 Head,2000,100,0,1,,,,,,,
508,sonic pain hit 2,585,Bip01 Head,2000,100,0,1,,,,,,,
509,sonic pain hit 3,586,Bip01 Head,2000,100,0,1,,,,,,,
510,sonic pain hit 4,587,Bip01 Head,2000,100,0,1,,,,,,,
511,wind ripples on ground,588,rootnode,2000,100,0,1,,,,,,,
512,inhaling wind rushing in,589,Bip01 Head,2000,100,0,1,,,,,,,
513,shock projectile 1,590,Bip01 Head,4000,100,0,0,,,,,,,
514,shock projectile 2,591,Bip01 Head,4000,100,0,0,,,,,,,
515,shock projectile 3,592,Bip01 Head,4000,100,0,0,,,,,,,
516,dark purple negative headglow pulse,593,Bip01 Head,2000,100,0,1,,,,,,,
517,Leviathan Steam,338,Bip01 Ext12,5000,100,2,1,3,175,,,,,
518,spike trap,416,rootnode,3000,100,0,1,,,,,,,
519,Hearts Popping,107,Bip01 Head,2000,100,0,1, ,,,,,,
520,fireworks_gold_blast,705,rootnode,5000,100,0,0,,,,,,,
521,fireworks_green_blast,706,rootnode,5000,100,0,0,,,,,,,
522,fireworks_red_blast,707,rootnode,5000,100,0,0,,,,,,,
523,fireworks_white_blast,708,rootnode,5000,100,0,0,,,,,,,
524,fireworks_blue_blast,709,rootnode,5000,100,0,0,,,,,,,
525,special gold fireworks with trail,127,rootnode,10000,100,1,0,,,,,,,
526,Miasma,602,targetchest,4000,100,0,1,,,,,,,
527,Boulder Traveling,455,Ammo,4000,100,2,0,3,,,,,,
528,Catapult coldball travelling,463,Ammo,4000,100,2,0,3,,,,,,
529,Mino Construct Flame 1,252,Bip01 L Held,5000,100,0,1,,,,,,,
530,Mino Construct Flame 2,252,Bip01 R Held,5000,100,0,1,,,,,,,
531,Saw Blade Projectile,12,Bip01 R Held,5000,100,2,0,3,,,,,,
532,Ballista Bolt 90 Degrees,732,Bip01 R Held,5000,100,0,0,,,,,,,
533,Carcass 90 Degrees,733,Bip01 R Held,5000,100,0,0,,,,,,,
534,Cold Ball 90 Degrees,734,Bip01 R Held,5000,100,0,0,,,,,,,
535,Pitch Ball 90 Degrees,735,Bip01 R Held,5000,100,0,0,,,,,,,
536,Stone Shot 90 Degrees,736,Bip01 R Held,5000,100,0,0,,,,,,,
537,Scorpion Bolt 90 Degrees,737,Bip01 R Held,5000,100,0,0,,,,,,,
538,Grey Ground Splash Ripple Rings Large,738,rootnode,2000,100,0,1,,,,,,,
539,Grey Ground Splash Ripple Rings Small,739,rootnode,2000,100,0,1,,,,,,,
540,Red Ground Ripple Waves,740,rootnode,2000,100,0,1,,,,,,,
541,Blue Ground Ripple Waves,741,rootnode,2000,100,0,1,,,,,,,
542,Yellow Hit Leach,742,targetchest,2000,100,0,1,,,,,,,
543,Weapon Clash and Shatter,743,rootnode,4000,100,0,1,,,,,,,
544,Black Fan Spray,744,rootnode,2000,100,1,1,,,,,,,
545,1 Sec Orange Aura Wave,745,Bip01 Spine2,1000,100,0,1,,,,,,,
546,1 Sec Purple Aura Wave ,746,Bip01 Spine2,1000,100,0,1,,,,,,,
547,1 Sec Red Aura Wave,747,Bip01 Spine2,1000,100,0,1,,,,,,,
548,1 Sec Blue Aura Wave,748,Bip01 Spine2,1000,100,0,1,,,,,,,
549,1 Sec Green Aura Wave,749,Bip01 Spine2,1000,100,0,1,,,,,,,
550,4 Sec Blue Aura Wave,750,Bip01 Spine2,4000,100,0,1,,,,,,,
551,4 Sec Green Aura Wave,751,Bip01 Spine2,4000,100,0,1,,,,,,,
552,4 Sec Orange Aura Wave,752,Bip01 Spine2,4000,100,0,1,,,,,,,
553,4 Sec Purple Aura Wave,753,Bip01 Spine2,4000,100,0,1,,,,,,,
554,4 Sec Red Aura Wave,754,Bip01 Spine2,4000,100,0,1,,,,,,,
555,1 Sec Blue Stream,755,Bip01 Spine2,1000,100,0,1,,,,,,,
556,1 Sec Green Stream,756,Bip01 Spine2,1000,100,0,1,,,,,,,
557,1 Sec Orange Stream,757,Bip01 Spine2,1000,100,0,1,,,,,,,
558,1 Sec Purple Stream,758,Bip01 Spine2,1000,100,0,1,,,,,,,
559,1 Sec Red Steam,759,Bip01 Spine2,1000,100,0,1,,,,,,,
560,4 Sec Blue Stream,760,Bip01 Spine2,4000,100,0,1,,,,,,,
561,4 Sec Green Stream,761,Bip01 Spine2,4000,100,0,1,,,,,,,
562,4 Sec Orange Stream,762,Bip01 Spine2,4000,100,0,1,,,,,,,
563,4 Sec Purple Stream,763,Bip01 Spine2,4000,100,0,1,,,,,,,
564,4 Sec Red Stream,764,Bip01 Spine2,4000,100,0,1,,,,,,,
565,Push Wave Effect,765,rootnode,1500,100,0,1,,,,,,,
566,Orange Rising Streaks,766,rootnode,1500,100,0,1,,,,,,,
567,Purple Rising Streaks,767,rootnode,1500,100,0,1,,,,,,,
568,Red Rising Streaks,768,rootnode,1500,100,0,1,,,,,,,
569,Green Rising Streaks,769,rootnode,1500,100,0,1,,,,,,,
570,Blue Rising Streaks,770,rootnode,1500,100,0,1,,,,,,,
571,Labyrinth Fire Effect,771,rootnode,3000,100,0,1,,,,,,,
572,Power Cold Hit,772,targetchest,1500,100,0,1,,,,,,,
573,Power Fire Hit,773,targetchest,1000,100,0,1,,,,,,,
574,Power Purple Hit,774,targetchest,1000,100,0,1,,,,,,,
575,Power Red Hit,775,targetchest,1000,100,0,1,,,,,,,
576,Grey Fanspray,776,rootnode,1000,100,0,0,,,,,,,
577,Hushing Face(Silence),783,rootnode,2000,100,0,0,,,,,,,
578,Black Wind Hit,788,Bip01 Head,8000,100,0,1,,,,,,,
579,Steamspray,789,Bip01 Pelvis,3000,100,2,1,,,,,,,
580,Dracolich Breath,793,Bip01 Head,3000,100,1,1,,,,,,,
581,Dracolich Hit,794,Bip01 Pelvis,8000,100,0,1,,,,,,,
582,Bind on Equip,795,Bip01 Spine2,2000,100,0,1,,,,,,,
583,10 second mana/power cylindrical shield,796,rootnode,10000,120,0,1,,,,,,,
584,green lightshaft with collapsing green rings,797,rootnode,4000,100,0,1,,,,,,,
585,red lightshaft with collapsing red rings,798,rootnode,4000,100,0,1,,,,,,,
586,Bluring Chalice,799,rootnode,3000,100,0,1,,,,,,,
587,Bluring Hammer,801,rootnode,3000,100,0,1,,,,,,,
588,Bluring Tree,800,rootnode,3000,100,0,1,,,,,,,
589,Revamp Dragon Breath Fire,802,Bip01 Head,5000,100,2,1,,,,,,,
590,Revamp Dragon Breah Spirit,803,Bip01 Head,5000,100,2,1,,,,,,,
591,Revamp Dragon Breah Cold,804,Bip01 Head,5000,100,2,1,,,,,,,
592,arrow slash01 load,805,Bip01 R Held,10000,100,2,1,,,,,,,
593,arrow slash01 travel,806,Bip01 L Held,2000,100,0,0,,,,,,,
594,arrow slash01 strike,807,Bip01 Spine2,3000,100,2,0,,,,,,,
595,arrow thrust01 load,808,Bip01 R Held,10000,100,2,1,,,,,,,
596,arrow thrust01 travel,809,Bip01 L Held,2000,100,0,0,,,,,,,
597,arrow thrust01strike,810,Bip01 Spine2,3000,100,2,0,,,,,,,
598,arrow crush01 load,811,Bip01 R Held,10000,100,2,1,,,,,,,
599,arrow crush01 travel,812,Bip01 L Held,2000,100,0,0,,,,,,,
600,arrow crush01 strike,813,Bip01 Spine2,3000,100,2,0,,,,,,,
601,arrow crit01 load,814,Bip01 R Held,10000,100,2,1,,,,,,,
602,arrow crit01 travel,815,Bip01 L Held,2000,100,0,0,,,,,,,
603,arrow crit01 strike,816,Bip01 Spine2,1000,100,2,0,,,,,,,
604,arrow poison01 load,817,Bip01 R Held,10000,100,2,1,,,,,,,
605,arrow poison01 travel,818,Bip01 L Held,2000,100,0,0,,,,,,,
606,arrow poison01 strike,819,Bip01 Spine2,1000,100,2,0,,,,,,,
607,arrow acid01 load,820,Bip01 R Held,10000,100,2,1,,,,,,,
608,arrow acid01 travel,821,Bip01 L Held,2000,100,0,0,,,,,,,
609,arrow acid01 strike,822,Bip01 Spine2,1000,100,2,0,,,,,,,
610,arrow fire01 load,823,Bip01 R Held,10000,100,2,1,,,,,,,
611,arrow fire01 travel,824,Bip01 L Held,2000,100,0,0,,,,,,,
612,arrow fire01strike,825,Bip01 Spine2,1000,100,2,0,,,,,,,
613,arrow cold01 load,826,Bip01 R Held,10000,100,2,1,,,,,,,
614,arrow cold01 travel,827,Bip01 L Held,2000,100,0,0,,,,,,,
615,arrow cold01strike,828,Bip01 Spine2,1000,100,2,0,,,,,,,
616,arrow siege01 load,829,Bip01 R Held,10000,100,2,1,,,,,,,
617,arrow siege01 travel,830,Bip01 L Held,2000,100,0,0,,,,,,,
618,arrow siege01strike,831,Bip01 Spine2,1000,100,2,0,,,,,,,
619,arrow volley01 load,832,Bip01 R Held,10000,100,2,1,,,,,,,
620,arrow volley01 shoot,833,Bip01 R Held,1333,100,0,0,,,,,,,
621,arrow volley01 strike,834,targetchest,4000,100,2,0,,,,,,,
622,Empty Nif for Archery,1,Bip01,0,100,0,0,,,,,,,
623,Revamp Dragon Hit Effect Spirit,835,targetchest,8000,100,0,1,,,,,,,
624,Relic Lightbeam Red,941,targetchest,5000,150,0,1,,,,,,,
625,Relic Holder Beam Red,942,rootnode,3000,100,0,1,,,,,,,
626,Relic Holder Beam Blue,943,rootnode,3000,100,0,1,,,,,,,
627,Relic Holder Beam Green,944,rootnode,3000,100,0,1,,,,,,,
